,uuid,segmentid,partitionDate,device,timestamp,filedate,filetimeutc,updateTimeMs,sequenceNo,vin,tripId,localTimeMs,engineTorque,engineCoolantTemp,engineAtmosphericPressure,fileVersionNumber,steeringSpeed,engineSpeed,steeringTorque,epsLoad,brakePressure,torqueControlModeFast,torqueControlModeSlow,parkBrakeStatus,warnStatusAcc,dimmerCancel,passenger2Belt,passengerOccupied,rearLeftBelt,rearCenterBelt,rearRightBelt,accWarning,accLsfEngage,accLsfSubseg,accControlMode,accCmbsSetting,fuelUsed,lkasReady,lkasShowLane,cabinTemp,warnStatusParking,warnStatusCmbs,warnStatusEbd,engineIntakeAirTemp,compCurrent,fogLightRelay,engineEcompNe,airbagStatus,latAccel,accelPedalPos,cruiseOverride,cruiseEngaged,wheelVelLF,wheelVelRF,wheelVelLR,wheelVelRR,panicBrkAct,accStatus,odometerMiles,pasgSeatbelt,driverSeatbelt,pasgSeated,accSetSpeed,cruiseSetSpeed,tirePressureLF,tirePressureRF,tirePressureLR,tirePressureRR,outsideAirTemp,fogLightsOn,stabilityControlActEDR,tcuTrqConfCl2,engAccCancelReasonManual,tmDisplayedGear,absWheelSpeedFL,absWheelSpeedFR,absWheelSpeedRL,absWheelSpeedRR,timestamp_hr,updateTimeMs_hr
100,164104244876910103077,40119a362475ed3d4de98b555786d973,2022-01-01,3077,1641042448769,20220101,130718,1668774677451792,101,663fd3c5144fd10bd5ca6611a9a5b92d,307720220101130718,47248769,-15.8,18,727.745,2,0,1153,0.22600001,0.2,0.0,0,0,False,False,False,False,False,False,False,False,False,False,0,False,0,50.3,False,False,0,False,False,False,0,0,False,0,False,0.04807516,0,False,False,0.0,0.0,0.0,0.0,False,0,49621.44,False,False,False,11.0,0.0,34,34,33,33,11.0,True,False,0,False,4,11.2,11.24,11.5199995,11.4,2022-01-01 13:06:51.520,2022-11-18 12:31:17.451791992
101,164104244886910203077,40119a362475ed3d4de98b555786d973,2022-01-01,3077,1641042448869,20220101,130718,1668774677451797,102,663fd3c5144fd10bd5ca6611a9a5b92d,307720220101130718,47248869,-14.400001,18,727.745,2,-34,1146,0.22600001,0.2,0.0,0,0,False,False,False,False,False,False,False,False,False,False,0,False,0,50.3,False,False,0,False,False,False,0,0,False,0,False,0.33518714,0,False,False,0.0,0.0,0.0,0.0,False,0,49621.44,False,False,False,11.0,0.0,34,34,33,33,11.0,True,False,0,False,4,11.2,11.24,11.5199995,11.4,2022-01-01 13:06:51.520,2022-11-18 12:31:17.451797119
102,164104244896910303077,40119a362475ed3d4de98b555786d973,2022-01-01,3077,1641042448969,20220101,130718,1668774677451800,103,663fd3c5144fd10bd5ca6611a9a5b92d,307720220101130718,47248969,-13.400001,18,727.745,2,-1,1142,0.22600001,0.2,0.0,0,0,False,False,False,False,False,False,False,False,False,False,0,False,0,50.3,False,False,0,False,False,False,0,0,False,0,False,-0.28688884,0,False,False,0.0,0.0,0.0,0.0,False,0,49621.44,False,False,False,11.0,0.0,34,34,33,33,11.0,True,False,0,False,4,11.2,11.24,11.5199995,11.4,2022-01-01 13:06:51.520,2022-11-18 12:31:17.451800049
103,164104244906910403077,40119a362475ed3d4de98b555786d973,2022-01-01,3077,1641042449069,20220101,130718,1668774677451804,104,663fd3c5144fd10bd5ca6611a9a5b92d,307720220101130718,47249069,-12.6,18,727.745,2,0,1132,-0.10300001,0.4,0.0,0,0,False,False,False,False,False,False,False,False,False,False,0,False,0,50.8,False,False,0,False,False,False,0,0,False,0,False,0.00022315979,0,False,False,0.0,0.0,0.0,0.0,False,0,49621.44,False,False,False,10.0,0.0,34,34,33,33,11.0,True,False,0,False,4,10.07,10.12,9.98,10.059999,2022-01-01 13:06:51.520,2022-11-18 12:31:17.451803955
104,164104244916910503077,40119a362475ed3d4de98b555786d973,2022-01-01,3077,1641042449169,20220101,130718,1668774677451808,105,663fd3c5144fd10bd5ca6611a9a5b92d,307720220101130718,47249169,-11.6,18,727.745,2,11,1118,-0.10300001,0.4,0.0,0,0,False,False,False,False,False,False,False,False,False,False,0,False,0,50.8,False,False,0,False,False,False,0,0,False,0,False,-0.19118483,0,False,False,0.0,0.0,0.0,0.0,False,0,49621.44,False,False,False,10.0,0.0,34,34,33,33,11.0,True,False,0,False,4,10.07,10.12,9.98,10.059999,2022-01-01 13:06:51.520,2022-11-18 12:31:17.451808105
105,164104244926910603077,40119a362475ed3d4de98b555786d973,2022-01-01,3077,1641042449269,20220101,130718,1668774677451812,106,663fd3c5144fd10bd5ca6611a9a5b92d,307720220101130718,47249269,-10.0,18,727.745,2,-7,1104,-0.10300001,0.4,0.0,0,0,False,False,False,False,False,False,False,False,False,False,0,False,0,50.8,False,False,0,False,False,False,0,0,False,0,False,0.19163115,0,False,False,0.0,0.0,0.0,0.0,False,0,49621.44,False,False,False,10.0,0.0,34,34,33,33,11.0,True,False,0,False,4,10.07,10.12,9.98,10.059999,2022-01-01 13:06:51.520,2022-11-18 12:31:17.451812012
106,164104244936910703077,40119a362475ed3d4de98b555786d973,2022-01-01,3077,1641042449369,20220101,130718,1668774677451815,107,663fd3c5144fd10bd5ca6611a9a5b92d,307720220101130718,47249369,-9.400001,18,727.745,2,-1,1099,-0.10300001,0.4,0.0,0,0,False,False,False,False,False,False,False,False,False,False,0,False,0,50.8,False,False,0,False,False,False,0,0,False,0,False,0.00022315979,0,False,False,0.0,0.0,0.0,0.0,False,0,49621.44,False,False,False,10.0,0.0,34,34,33,33,11.0,True,False,0,False,4,10.07,10.12,9.98,10.059999,2022-01-01 13:06:51.520,2022-11-18 12:31:17.451814941
107,164104244946910803077,40119a362475ed3d4de98b555786d973,2022-01-01,3077,1641042449469,20220101,130718,1668774677451819,108,663fd3c5144fd10bd5ca6611a9a5b92d,307720220101130718,47249469,-8.2,18,727.745,2,-9,1087,-0.10300001,0.4,0.0,0,0,False,False,False,False,False,False,False,False,False,False,0,False,0,50.8,False,False,0,False,False,False,0,0,False,0,False,0.00022315979,0,False,False,0.0,0.0,0.0,0.0,False,0,49621.44,False,False,False,10.0,0.0,34,34,33,33,11.0,True,False,0,False,4,10.07,10.12,9.98,10.059999,2022-01-01 13:06:51.520,2022-11-18 12:31:17.451819092
108,164104244956910903077,40119a362475ed3d4de98b555786d973,2022-01-01,3077,1641042449569,20220101,130718,1668774677451823,109,663fd3c5144fd10bd5ca6611a9a5b92d,307720220101130718,47249569,-7.6,18,727.745,2,-22,1079,-0.91300005,1.6,0.0,0,0,False,False,False,False,False,False,False,False,False,False,0,False,0,51.3,False,False,0,False,False,False,0,0,False,0,False,-0.09548084,0,False,False,0.0,0.0,0.0,0.0,False,0,49621.44,False,False,False,9.0,0.0,34,34,33,33,11.0,True,False,0,False,4,9.19,9.19,9.13,9.059999,2022-01-01 13:06:51.520,2022-11-18 12:31:17.451822998
109,164104244966911003077,40119a362475ed3d4de98b555786d973,2022-01-01,3077,1641042449669,20220101,130718,1668774677451830,110,663fd3c5144fd10bd5ca6611a9a5b92d,307720220101130718,47249669,-6.2000003,18,727.745,2,-19,1065,-0.91300005,1.6,0.0,0,0,False,False,False,False,False,False,False,False,False,False,0,False,0,51.3,False,False,0,False,False,False,0,0,False,0,False,0.00022315979,0,False,False,0.0,0.0,0.0,0.0,False,0,49621.44,False,False,False,9.0,0.0,34,34,33,33,11.0,True,False,0,False,4,9.19,9.19,9.13,9.059999,2022-01-01 13:06:51.520,2022-11-18 12:31:17.451830078
110,164104244976911103077,40119a362475ed3d4de98b555786d973,2022-01-01,3077,1641042449769,20220101,130718,1668774677451834,111,663fd3c5144fd10bd5ca6611a9a5b92d,307720220101130718,47249769,-5.4,18,727.745,2,-52,1067,-0.91300005,1.6,0.0,0,0,False,False,False,False,False,False,False,False,False,False,0,False,0,51.3,False,False,0,False,False,False,0,0,False,0,False,-0.19118483,0,False,False,0.0,0.0,0.0,0.0,False,0,49621.44,False,False,False,9.0,0.0,34,34,33,33,11.0,True,False,0,False,4,9.19,9.19,9.13,9.059999,2022-01-01 13:06:51.520,2022-11-18 12:31:17.451833984
111,164104244986911203077,40119a362475ed3d4de98b555786d973,2022-01-01,3077,1641042449869,20220101,130718,1668774677451838,112,663fd3c5144fd10bd5ca6611a9a5b92d,307720220101130718,47249869,-4.4,18,727.745,2,-79,1056,-0.91300005,1.6,0.0,0,0,False,False,False,False,False,False,False,False,False,False,0,False,0,51.3,False,False,0,False,False,False,0,0,False,0,False,0.00022315979,0,False,False,0.0,0.0,0.0,0.0,False,0,49621.44,False,False,False,9.0,0.0,34,34,33,33,11.0,True,False,0,False,4,9.19,9.19,9.13,9.059999,2022-01-01 13:06:51.520,2022-11-18 12:31:17.451837891
112,164104244996911303077,40119a362475ed3d4de98b555786d973,2022-01-01,3077,1641042449969,20220101,130718,1668774677451842,113,663fd3c5144fd10bd5ca6611a9a5b92d,307720220101130718,47249969,-3.0,18,727.745,2,-95,1047,-0.91300005,1.6,0.0,0,0,False,False,False,False,False,False,False,False,False,False,0,False,0,51.3,False,False,0,False,False,False,0,0,False,0,False,0.00022315979,0,False,False,0.0,0.0,0.0,0.0,False,0,49621.44,False,False,False,9.0,0.0,34,34,33,33,11.0,True,False,0,False,4,9.19,9.19,9.13,9.059999,2022-01-01 13:06:51.520,2022-11-18 12:31:17.451842041
113,164104245006911403077,40119a362475ed3d4de98b555786d973,2022-01-01,3077,1641042450069,20220101,130718,1668774677451846,114,663fd3c5144fd10bd5ca6611a9a5b92d,307720220101130718,47250069,-2.8,18,727.745,2,-100,1066,-2.051,7.1,0.0,0,0,False,False,False,False,False,False,False,False,False,False,0,False,0,51.8,False,False,0,False,False,False,0,0,False,0,False,-0.47829682,0,False,False,0.0,0.0,0.0,0.0,False,0,49621.44,False,False,False,8.0,0.0,34,34,33,33,11.0,True,False,0,False,4,9.41,9.12,9.28,9.099999,2022-01-01 13:06:51.520,2022-11-18 12:31:17.451845947
114,164104245016911503077,40119a362475ed3d4de98b555786d973,2022-01-01,3077,1641042450169,20220101,130718,1668774677451849,115,663fd3c5144fd10bd5ca6611a9a5b92d,307720220101130718,47250169,-3.2,18,727.745,2,-96,1070,-2.051,7.1,0.0,0,0,False,False,False,False,False,False,False,False,False,False,0,False,0,51.8,False,False,0,False,False,False,0,0,False,0,False,-0.7654088,0,False,False,0.0,0.0,0.0,0.0,False,0,49621.44,False,False,False,8.0,0.0,34,34,33,33,11.0,True,False,0,False,4,9.41,9.12,9.28,9.099999,2022-01-01 13:06:51.520,2022-11-18 12:31:17.451849121
115,164104245026911603077,40119a362475ed3d4de98b555786d973,2022-01-01,3077,1641042450269,20220101,130718,1668774677451853,116,663fd3c5144fd10bd5ca6611a9a5b92d,307720220101130718,47250269,-4.0,18,727.745,2,-108,1079,-2.051,7.1,0.0,0,0,False,False,False,False,False,False,False,False,False,False,0,False,0,51.8,False,False,0,False,False,False,0,0,False,0,False,-0.57400084,0,False,False,0.0,0.0,0.0,0.0,False,0,49621.44,False,False,False,8.0,0.0,34,34,33,33,11.0,True,False,0,False,4,9.41,9.12,9.28,9.099999,2022-01-01 13:06:51.520,2022-11-18 12:31:17.451853027
116,164104245036911703077,40119a362475ed3d4de98b555786d973,2022-01-01,3077,1641042450369,20220101,130718,1668774677451857,117,663fd3c5144fd10bd5ca6611a9a5b92d,307720220101130718,47250369,-4.4,18,727.745,2,-117,1077,-2.051,7.1,0.0,0,0,False,False,False,False,False,False,False,False,False,False,0,False,0,51.8,False,False,0,False,False,False,0,0,False,0,False,-0.38259283,0,False,False,0.0,0.0,0.0,0.0,False,0,49621.44,False,False,False,8.0,0.0,34,34,33,33,11.0,True,False,0,False,4,9.41,9.12,9.28,9.099999,2022-01-01 13:06:51.520,2022-11-18 12:31:17.451856934
117,164104245046911803077,40119a362475ed3d4de98b555786d973,2022-01-01,3077,1641042450469,20220101,130718,1668774677451863,118,663fd3c5144fd10bd5ca6611a9a5b92d,307720220101130718,47250469,-4.0,18,727.745,2,-111,1069,-2.051,7.1,0.0,0,0,False,False,False,False,False,False,False,False,False,False,0,False,0,51.8,False,False,0,False,False,False,0,0,False,0,False,-0.7654088,0,False,False,0.0,0.0,0.0,0.0,False,0,49621.44,False,False,False,8.0,0.0,34,34,33,33,11.0,True,False,0,False,4,9.41,9.12,9.28,9.099999,2022-01-01 13:06:51.520,2022-11-18 12:31:17.451863037
118,164104245056911903077,40119a362475ed3d4de98b555786d973,2022-01-01,3077,1641042450569,20220101,130718,1668774677451871,119,663fd3c5144fd10bd5ca6611a9a5b92d,307720220101130718,47250569,-3.8,18,727.745,2,-118,1062,-1.815,8.2,0.0,0,0,False,False,False,False,False,False,False,False,False,False,0,False,0,52.2,False,False,0,False,False,False,0,0,False,0,False,-0.33474082,0,False,False,0.0,0.0,0.0,0.0,False,0,49621.44,False,False,False,9.0,0.0,34,34,33,33,11.0,True,False,0,False,4,9.059999,9.4,9.03,9.469999,2022-01-01 13:06:51.520,2022-11-18 12:31:17.451871094
119,164104245066912003077,40119a362475ed3d4de98b555786d973,2022-01-01,3077,1641042450669,20220101,130718,1668774677451877,120,663fd3c5144fd10bd5ca6611a9a5b92d,307720220101130718,47250669,-4.0,18,727.745,2,-155,1071,-1.815,8.2,0.0,0,0,False,False,False,False,False,False,False,False,False,False,0,False,0,52.2,False,False,0,False,False,False,0,0,False,0,False,-0.33474082,1,False,False,0.0,0.0,0.0,0.0,False,0,49621.44,False,False,False,9.0,0.0,34,34,33,33,11.0,True,False,0,False,4,9.059999,9.4,9.03,9.469999,2022-01-01 13:06:51.520,2022-11-18 12:31:17.451876953
120,164104245076912103077,40119a362475ed3d4de98b555786d973,2022-01-01,3077,1641042450769,20220101,130718,1668774677451881,121,663fd3c5144fd10bd5ca6611a9a5b92d,307720220101130718,47250769,8.8,18,727.745,2,-204,1086,-1.815,8.2,0.0,0,0,False,False,False,False,False,False,False,False,False,False,0,False,0,52.2,False,False,0,False,False,False,0,0,False,0,False,-0.04762884,1,False,False,0.0,0.0,0.0,0.0,False,0,49621.44,False,False,False,9.0,0.0,34,34,33,33,11.0,True,False,0,False,4,9.059999,9.4,9.03,9.469999,2022-01-01 13:06:51.520,2022-11-18 12:31:17.451881104
121,164104245086912203077,40119a362475ed3d4de98b555786d973,2022-01-01,3077,1641042450869,20220101,130718,1668774677451885,122,663fd3c5144fd10bd5ca6611a9a5b92d,307720220101130718,47250869,12.6,18,727.745,2,-208,1116,-1.815,8.2,0.0,0,0,False,False,False,False,False,False,False,False,False,False,0,False,0,52.2,False,False,0,False,False,False,0,0,False,0,False,-0.6218528,2,False,False,0.0,0.0,0.0,0.0,False,0,49621.44,False,False,False,9.0,0.0,34,34,33,33,11.0,True,False,0,False,4,9.059999,9.4,9.03,9.469999,2022-01-01 13:06:51.520,2022-11-18 12:31:17.451885010
122,164104245096912303077,40119a362475ed3d4de98b555786d973,2022-01-01,3077,1641042450969,20220101,130718,1668774677451889,123,663fd3c5144fd10bd5ca6611a9a5b92d,307720220101130718,47250969,16.6,18,727.745,2,-212,1149,-1.815,8.2,0.0,0,0,False,False,False,False,False,False,False,False,False,False,0,False,0,52.2,False,False,0,False,False,False,0,0,False,0,False,-1.8181528,4,False,False,0.0,0.0,0.0,0.0,False,0,49621.44,False,False,False,9.0,0.0,34,34,33,33,11.0,True,False,0,False,4,9.059999,9.4,9.03,9.469999,2022-01-01 13:06:51.520,2022-11-18 12:31:17.451888916
123,164104245106912403077,40119a362475ed3d4de98b555786d973,2022-01-01,3077,1641042451069,20220101,130718,1668774677451893,124,663fd3c5144fd10bd5ca6611a9a5b92d,307720220101130718,47251069,19.6,18,727.745,2,-281,1165,-2.266,17.9,0.0,0,0,False,False,False,False,False,False,False,False,False,False,0,False,0,52.7,False,False,0,False,False,False,0,0,False,0,False,-1.5788928,5,False,False,0.0,0.0,0.0,0.0,False,0,49621.44,False,False,False,9.0,0.0,34,34,33,33,10.0,True,False,0,False,4,9.21,10.13,8.99,10.12,2022-01-01 13:06:51.520,2022-11-18 12:31:17.451893066
124,164104245116912503077,40119a362475ed3d4de98b555786d973,2022-01-01,3077,1641042451169,20220101,130718,1668774677451897,125,663fd3c5144fd10bd5ca6611a9a5b92d,307720220101130718,47251169,21.800001,18,727.745,2,-204,1177,-2.266,17.9,0.0,0,0,False,False,False,False,False,False,False,False,False,False,0,False,0,52.7,False,False,0,False,False,False,0,0,False,0,False,-1.5788928,5,False,False,0.0,0.0,0.0,0.0,False,0,49621.44,False,False,False,9.0,0.0,34,34,33,33,10.0,True,False,0,False,4,9.21,10.13,8.99,10.12,2022-01-01 13:06:51.520,2022-11-18 12:31:17.451896973
125,164104245126912603077,40119a362475ed3d4de98b555786d973,2022-01-01,3077,1641042451269,20220101,130718,1668774677451901,126,663fd3c5144fd10bd5ca6611a9a5b92d,307720220101130718,47251269,21.4,18,727.745,2,0,1180,-2.266,17.9,0.0,0,0,False,False,False,False,False,False,False,False,False,False,0,False,0,52.7,False,False,0,False,False,False,0,0,False,0,False,-1.7703007,5,False,False,0.0,0.0,0.0,0.0,False,0,49621.44,False,False,False,9.0,0.0,34,34,33,33,10.0,True,False,0,False,4,9.21,10.13,8.99,10.12,2022-01-01 13:06:51.520,2022-11-18 12:31:17.451900879
126,164104245136912703077,40119a362475ed3d4de98b555786d973,2022-01-01,3077,1641042451369,20220101,130718,1668774677451905,127,663fd3c5144fd10bd5ca6611a9a5b92d,307720220101130718,47251369,19.6,18,727.745,2,184,1173,-2.266,17.9,0.0,0,0,False,False,False,False,False,False,False,False,False,False,0,False,0,52.7,False,False,0,False,False,False,0,0,False,0,False,-1.7703007,5,False,False,0.0,0.0,0.0,0.0,False,0,49621.44,False,False,False,9.0,0.0,34,34,33,33,10.0,True,False,0,False,4,9.21,10.13,8.99,10.12,2022-01-01 13:06:51.520,2022-11-18 12:31:17.451905029
127,164104245146912803077,40119a362475ed3d4de98b555786d973,2022-01-01,3077,1641042451469,20220101,130718,1668774677451908,128,663fd3c5144fd10bd5ca6611a9a5b92d,307720220101130718,47251469,18.2,18,727.745,2,257,1161,-2.266,17.9,0.0,0,0,False,False,False,False,False,False,False,False,False,False,0,False,0,52.7,False,False,0,False,False,False,0,0,False,0,False,-0.43044484,5,False,False,0.0,0.0,0.0,0.0,False,0,49621.44,False,False,False,9.0,0.0,34,34,33,33,10.0,True,False,0,False,4,9.21,10.13,8.99,10.12,2022-01-01 13:06:51.520,2022-11-18 12:31:17.451907959
128,164104245156912903077,40119a362475ed3d4de98b555786d973,2022-01-01,3077,1641042451569,20220101,130718,1668774677451912,129,663fd3c5144fd10bd5ca6611a9a5b92d,307720220101130718,47251569,17.2,18,727.745,2,96,1151,-2.2220001,6.2000003,0.0,0,0,False,False,False,False,False,False,False,False,False,False,0,False,0,53.2,False,False,0,False,False,False,0,0,False,0,False,2.2971191,5,False,False,0.0,0.0,0.0,0.0,False,0,49621.44,False,False,False,9.0,0.0,34,34,33,33,10.0,True,False,0,False,4,10.55,10.03,9.09,10.05,2022-01-01 13:06:51.520,2022-11-18 12:31:17.451912109
129,164104245166913003077,40119a362475ed3d4de98b555786d973,2022-01-01,3077,1641042451669,20220101,130718,1668774677451916,130,663fd3c5144fd10bd5ca6611a9a5b92d,307720220101130718,47251669,16.2,18,727.745,2,-227,1150,-2.2220001,6.2000003,0.0,0,0,False,False,False,False,False,False,False,False,False,False,0,False,0,53.2,False,False,0,False,False,False,0,0,False,0,False,3.254159,2,False,False,0.0,0.0,0.0,0.0,False,0,49621.44,False,False,False,9.0,0.0,34,34,33,33,10.0,True,False,0,False,4,10.55,10.03,9.09,10.05,2022-01-01 13:06:51.520,2022-11-18 12:31:17.451916016
130,164104245176913103077,40119a362475ed3d4de98b555786d973,2022-01-01,3077,1641042451769,20220101,130718,1668774677451923,131,663fd3c5144fd10bd5ca6611a9a5b92d,307720220101130718,47251769,14.6,18,727.745,2,-417,1138,-2.2220001,6.2000003,0.0,0,0,False,False,False,False,False,False,False,False,False,False,0,False,0,53.2,False,False,0,False,False,False,0,0,False,0,False,-2.0095608,4,False,False,0.0,0.0,0.0,0.0,False,0,49621.44,False,False,False,9.0,0.0,34,34,33,33,10.0,True,False,0,False,4,10.55,10.03,9.09,10.05,2022-01-01 13:06:51.520,2022-11-18 12:31:17.451923096
131,164104245186913203077,40119a362475ed3d4de98b555786d973,2022-01-01,3077,1641042451869,20220101,130718,1668774677451926,132,663fd3c5144fd10bd5ca6611a9a5b92d,307720220101130718,47251869,14.400001,18,727.745,2,-367,1113,-2.2220001,6.2000003,0.0,0,0,False,False,False,False,False,False,False,False,False,False,0,False,0,53.2,False,False,0,False,False,False,0,0,False,0,False,-4.019345,8,False,False,0.0,0.0,0.0,0.0,False,0,49621.44,False,False,False,9.0,0.0,34,34,33,33,10.0,True,False,0,False,4,10.55,10.03,9.09,10.05,2022-01-01 13:06:51.520,2022-11-18 12:31:17.451926025
132,164104245196913303077,40119a362475ed3d4de98b555786d973,2022-01-01,3077,1641042451969,20220101,130718,1668774677451930,133,663fd3c5144fd10bd5ca6611a9a5b92d,307720220101130718,47251969,17.800001,18,727.745,2,-310,1097,-2.2220001,6.2000003,0.0,0,0,False,False,False,False,False,False,False,False,False,False,0,False,0,53.2,False,False,0,False,False,False,0,0,False,0,False,-2.1531167,11,False,False,0.0,0.0,0.0,0.0,False,0,49621.44,False,False,False,9.0,0.0,34,34,33,33,10.0,True,False,0,False,4,10.55,10.03,9.09,10.05,2022-01-01 13:06:51.520,2022-11-18 12:31:17.451929932
133,164104245206913403077,40119a362475ed3d4de98b555786d973,2022-01-01,3077,1641042452069,20220101,130718,1668774677451935,134,663fd3c5144fd10bd5ca6611a9a5b92d,307720220101130718,47252069,23.6,19,727.745,2,-316,1100,-3.65,40.0,0.0,0,0,False,False,False,False,False,False,False,False,False,False,0,False,0,53.600002,False,False,0,False,False,False,0,0,False,0,False,-1.4831887,11,False,False,0.0,0.0,0.0,0.0,False,0,49621.44,False,False,False,9.0,0.0,34,34,33,33,10.0,True,False,0,False,4,9.26,10.639999,8.69,10.349999,2022-01-01 13:06:51.520,2022-11-18 12:31:17.451935059
134,164104245216913503077,40119a362475ed3d4de98b555786d973,2022-01-01,3077,1641042452169,20220101,130718,1668774677451941,135,663fd3c5144fd10bd5ca6611a9a5b92d,307720220101130718,47252169,28.0,19,727.745,2,-261,1125,-3.65,40.0,0.0,0,0,False,False,False,False,False,False,False,False,False,False,0,False,0,53.600002,False,False,0,False,False,False,0,0,False,0,False,-1.8181528,11,False,False,0.0,0.0,0.0,0.0,False,0,49621.44,False,False,False,9.0,0.0,34,34,33,33,10.0,True,False,0,False,4,9.26,10.639999,8.69,10.349999,2022-01-01 13:06:51.520,2022-11-18 12:31:17.451940918
135,164104245226913603077,40119a362475ed3d4de98b555786d973,2022-01-01,3077,1641042452269,20220101,130718,1668774677451948,136,663fd3c5144fd10bd5ca6611a9a5b92d,307720220101130718,47252269,31.2,19,727.745,2,-189,1164,-3.65,40.0,0.0,0,0,False,False,False,False,False,False,False,False,False,False,0,False,0,53.600002,False,False,0,False,False,False,0,0,False,0,False,-1.6267447,11,False,False,0.0,0.0,0.0,0.0,False,0,49621.44,False,False,False,9.0,0.0,34,34,33,33,10.0,True,False,0,False,4,9.26,10.639999,8.69,10.349999,2022-01-01 13:06:51.520,2022-11-18 12:31:17.451947998
136,164104245236913703077,40119a362475ed3d4de98b555786d973,2022-01-01,3077,1641042452369,20220101,130718,1668774677451955,137,663fd3c5144fd10bd5ca6611a9a5b92d,307720220101130718,47252369,33.8,19,727.745,2,-97,1194,-3.65,40.0,0.0,0,0,False,False,False,False,False,False,False,False,False,False,0,False,0,53.600002,False,False,0,False,False,False,0,0,False,0,False,-1.1003728,11,False,False,0.0,0.0,0.0,0.0,False,0,49621.44,False,False,False,9.0,0.0,34,34,33,33,10.0,True,False,0,False,4,9.26,10.639999,8.69,10.349999,2022-01-01 13:06:51.520,2022-11-18 12:31:17.451955078
137,164104245246913803077,40119a362475ed3d4de98b555786d973,2022-01-01,3077,1641042452469,20220101,130718,1668774677451962,138,663fd3c5144fd10bd5ca6611a9a5b92d,307720220101130718,47252469,35.8,19,727.745,2,-49,1217,-3.65,40.0,0.0,0,0,False,False,False,False,False,False,False,False,False,False,0,False,0,53.600002,False,False,0,False,False,False,0,0,False,0,False,-1.4353368,11,False,False,0.0,0.0,0.0,0.0,False,0,49621.44,False,False,False,9.0,0.0,34,34,33,33,10.0,True,False,0,False,4,9.26,10.639999,8.69,10.349999,2022-01-01 13:06:51.520,2022-11-18 12:31:17.451961914
138,164104245256913903077,40119a362475ed3d4de98b555786d973,2022-01-01,3077,1641042452569,20220101,130718,1668774677451967,139,663fd3c5144fd10bd5ca6611a9a5b92d,307720220101130718,47252569,38.0,19,727.745,2,-32,1235,-3.0560002,28.300001,0.0,0,0,False,False,False,False,False,False,False,False,False,False,0,False,0,54.100002,False,False,0,False,False,False,0,0,False,0,False,-1.6267447,13,False,False,0.0,0.0,0.0,0.0,False,0,49621.44,False,False,False,9.0,0.0,34,34,33,33,10.0,True,False,0,False,4,9.3,11.139999,8.47,10.45,2022-01-01 13:06:51.520,2022-11-18 12:31:17.451967041
139,164104245266914003077,40119a362475ed3d4de98b555786d973,2022-01-01,3077,1641042452669,20220101,130718,1668774677451971,140,663fd3c5144fd10bd5ca6611a9a5b92d,307720220101130718,47252669,41.4,19,727.745,2,-46,1253,-3.0560002,28.300001,0.0,0,0,False,False,False,False,False,False,False,False,False,False,0,False,0,54.100002,False,False,0,False,False,False,0,0,False,0,False,-1.0046688,13,False,False,0.0,0.0,0.0,0.0,False,0,49621.44,False,False,False,9.0,0.0,34,34,33,33,10.0,True,False,0,False,4,9.3,11.139999,8.47,10.45,2022-01-01 13:06:51.520,2022-11-18 12:31:17.451970947
140,164104245276914103077,40119a362475ed3d4de98b555786d973,2022-01-01,3077,1641042452769,20220101,130718,1668774677451978,141,663fd3c5144fd10bd5ca6611a9a5b92d,307720220101130718,47252769,43.4,19,727.745,2,-36,1277,-3.0560002,28.300001,0.0,0,0,False,False,False,False,False,False,False,False,False,False,0,False,0,54.100002,False,False,0,False,False,False,0,0,False,0,False,-0.8132608,13,False,False,0.0,0.0,0.0,0.0,False,0,49621.44,False,False,False,9.0,0.0,34,34,33,33,10.0,True,False,0,False,4,9.3,11.139999,8.47,10.45,2022-01-01 13:06:51.520,2022-11-18 12:31:17.451978027
141,164104245286914203077,40119a362475ed3d4de98b555786d973,2022-01-01,3077,1641042452869,20220101,130718,1668774677451982,142,663fd3c5144fd10bd5ca6611a9a5b92d,307720220101130718,47252869,44.8,19,727.745,2,-7,1293,-3.0560002,28.300001,0.0,0,0,False,False,False,False,False,False,False,False,False,False,0,False,0,54.100002,False,False,0,False,False,False,0,0,False,0,False,-0.9089648,14,False,False,0.0,0.0,0.0,0.0,False,0,49621.44,False,False,False,9.0,0.0,34,34,33,33,10.0,True,False,0,False,4,9.3,11.139999,8.47,10.45,2022-01-01 13:06:51.520,2022-11-18 12:31:17.451981934
142,164104245296914303077,40119a362475ed3d4de98b555786d973,2022-01-01,3077,1641042452969,20220101,130718,1668774677451986,143,663fd3c5144fd10bd5ca6611a9a5b92d,307720220101130718,47252969,45.8,19,727.745,2,0,1307,-3.0560002,28.300001,0.0,0,0,False,False,False,False,False,False,False,False,False,False,0,False,0,54.100002,False,False,0,False,False,False,0,0,False,0,False,-0.28688884,14,False,False,0.0,0.0,0.0,0.0,False,0,49621.44,False,False,False,9.0,0.0,34,34,33,33,10.0,True,False,0,False,4,9.3,11.139999,8.47,10.45,2022-01-01 13:06:51.520,2022-11-18 12:31:17.451986084
143,164104245306914403077,40119a362475ed3d4de98b555786d973,2022-01-01,3077,1641042453069,20220101,130718,1668774677451989,144,663fd3c5144fd10bd5ca6611a9a5b92d,307720220101130718,47253069,46.600002,19,727.745,2,0,1311,-2.112,9.3,0.0,0,0,False,False,False,False,False,False,False,False,False,False,0,False,0,54.7,False,False,0,False,False,False,0,0,False,0,False,-0.23903683,14,False,False,0.0,0.0,0.0,0.0,False,0,49621.44,False,False,False,10.0,0.0,34,34,33,33,10.0,True,False,0,False,4,9.44,11.5,8.95,10.91,2022-01-01 13:06:51.520,2022-11-18 12:31:17.451989014
144,164104245316914503077,40119a362475ed3d4de98b555786d973,2022-01-01,3077,1641042453169,20220101,130718,1668774677451993,145,663fd3c5144fd10bd5ca6611a9a5b92d,307720220101130718,47253169,47.600002,19,727.745,2,0,1316,-2.112,9.3,0.0,0,0,False,False,False,False,False,False,False,False,False,False,0,False,0,54.7,False,False,0,False,False,False,0,0,False,0,False,-1.7224488,16,False,False,0.0,0.0,0.0,0.0,False,0,49621.44,False,False,False,10.0,0.0,34,34,33,33,10.0,True,False,0,False,4,9.44,11.5,8.95,10.91,2022-01-01 13:06:51.520,2022-11-18 12:31:17.451992920
145,164104245326914603077,40119a362475ed3d4de98b555786d973,2022-01-01,3077,1641042453269,20220101,130718,1668774677451997,146,663fd3c5144fd10bd5ca6611a9a5b92d,307720220101130718,47253269,51.600002,19,727.745,2,-1,1327,-2.112,9.3,0.0,0,0,False,False,False,False,False,False,False,False,False,False,0,False,0,54.7,False,False,0,False,False,False,0,0,False,0,False,-2.4402287,18,False,False,0.0,0.0,0.0,0.0,False,0,49621.44,False,False,False,10.0,0.0,34,34,33,33,10.0,True,False,0,False,4,9.44,11.5,8.95,10.91,2022-01-01 13:06:51.520,2022-11-18 12:31:17.451997070
146,164104245336914703077,40119a362475ed3d4de98b555786d973,2022-01-01,3077,1641042453369,20220101,130718,1668774677452000,147,663fd3c5144fd10bd5ca6611a9a5b92d,307720220101130718,47253369,55.2,19,727.745,2,14,1353,-2.112,9.3,0.0,0,0,False,False,False,False,False,False,False,False,False,False,0,False,0,54.7,False,False,0,False,False,False,0,0,False,0,False,-1.3396327,18,False,False,0.0,0.0,0.0,0.0,False,0,49621.44,False,False,False,10.0,0.0,34,34,33,33,10.0,True,False,0,False,4,9.44,11.5,8.95,10.91,2022-01-01 13:06:51.520,2022-11-18 12:31:17.452000000
147,164104245346914803077,40119a362475ed3d4de98b555786d973,2022-01-01,3077,1641042453469,20220101,130718,1668774677452004,148,663fd3c5144fd10bd5ca6611a9a5b92d,307720220101130718,47253469,58.2,19,727.745,2,28,1376,-2.112,9.3,0.0,0,0,False,False,False,False,False,False,False,False,False,False,0,False,0,54.7,False,False,0,False,False,False,0,0,False,0,False,-0.6218528,18,False,False,0.0,0.0,0.0,0.0,False,0,49621.44,False,False,False,10.0,0.0,34,34,33,33,10.0,True,False,0,False,4,9.44,11.5,8.95,10.91,2022-01-01 13:06:51.520,2022-11-18 12:31:17.452003906
148,164104245356914903077,40119a362475ed3d4de98b555786d973,2022-01-01,3077,1641042453569,20220101,130718,1668774677452008,149,663fd3c5144fd10bd5ca6611a9a5b92d,307720220101130718,47253569,59.8,19,727.745,2,45,1403,-1.5830001,4.0,0.0,0,0,False,False,False,False,False,False,False,False,False,False,0,False,0,55.3,False,False,0,False,False,False,0,0,False,0,False,-0.8132608,18,False,False,0.0,0.0,0.0,0.0,False,0,49621.44,False,False,False,10.0,0.0,34,34,33,33,10.0,True,False,0,False,4,10.2,12.28,9.32,11.53,2022-01-01 13:06:51.520,2022-11-18 12:31:17.452008057
149,164104245366915003077,40119a362475ed3d4de98b555786d973,2022-01-01,3077,1641042453669,20220101,130718,1668774677452012,150,663fd3c5144fd10bd5ca6611a9a5b92d,307720220101130718,47253669,61.0,19,727.745,2,78,1426,-1.5830001,4.0,0.0,0,0,False,False,False,False,False,False,False,False,False,False,0,False,0,55.3,False,False,0,False,False,False,0,0,False,0,False,-1.1960768,19,False,False,0.0,0.0,0.0,0.0,False,0,49621.44,False,False,False,10.0,0.0,34,34,33,33,10.0,True,False,0,False,4,10.2,12.28,9.32,11.53,2022-01-01 13:06:51.520,2022-11-18 12:31:17.452011963
150,164104245376915103077,40119a362475ed3d4de98b555786d973,2022-01-01,3077,1641042453769,20220101,130718,1668774677452015,151,663fd3c5144fd10bd5ca6611a9a5b92d,307720220101130718,47253769,63.8,19,727.745,2,115,1449,-1.5830001,4.0,0.0,0,0,False,False,False,False,False,False,False,False,False,False,0,False,0,55.3,False,False,0,False,False,False,0,0,False,0,False,-1.3396327,21,False,False,0.0,0.0,0.0,0.0,False,0,49621.44,False,False,False,10.0,0.0,34,34,33,33,10.0,True,False,0,False,4,10.2,12.28,9.32,11.53,2022-01-01 13:06:51.520,2022-11-18 12:31:17.452014893
151,164104245386915203077,40119a362475ed3d4de98b555786d973,2022-01-01,3077,1641042453869,20220101,130718,1668774677452022,152,663fd3c5144fd10bd5ca6611a9a5b92d,307720220101130718,47253869,67.200005,19,727.745,2,100,1471,-1.5830001,4.0,0.0,0,0,False,False,False,False,False,False,False,False,False,False,0,False,0,55.3,False,False,0,False,False,False,0,0,False,0,False,-1.2917808,21,False,False,0.0,0.0,0.0,0.0,False,0,49621.44,False,False,False,10.0,0.0,34,34,33,33,10.0,True,False,0,False,4,10.2,12.28,9.32,11.53,2022-01-01 13:06:51.520,2022-11-18 12:31:17.452021973
152,164104245396915303077,40119a362475ed3d4de98b555786d973,2022-01-01,3077,1641042453969,20220101,130718,1668774677452026,153,663fd3c5144fd10bd5ca6611a9a5b92d,307720220101130718,47253969,70.6,19,727.745,2,75,1492,-1.5830001,4.0,0.0,0,0,False,False,False,False,False,False,False,False,False,False,0,False,0,55.3,False,False,0,False,False,False,0,0,False,0,False,-1.1482248,22,False,False,0.0,0.0,0.0,0.0,False,0,49621.44,False,False,False,10.0,0.0,34,34,33,33,10.0,True,False,0,False,4,10.2,12.28,9.32,11.53,2022-01-01 13:06:51.520,2022-11-18 12:31:17.452025879
153,164104245406915403077,40119a362475ed3d4de98b555786d973,2022-01-01,3077,1641042454069,20220101,130718,1668774677452030,154,663fd3c5144fd10bd5ca6611a9a5b92d,307720220101130718,47254069,73.8,19,727.745,2,70,1525,-1.5860001,3.8,0.0,0,0,False,False,False,False,False,False,False,False,False,False,0,False,0,56.2,False,False,0,False,False,False,0,0,False,0,False,-1.1003728,23,False,False,0.0,0.0,0.0,0.0,False,0,49621.44,False,False,False,11.0,0.0,34,34,33,33,10.0,True,False,0,False,4,11.139999,13.21,10.29,12.59,2022-01-01 13:06:51.520,2022-11-18 12:31:17.452030029
154,164104245416915503077,40119a362475ed3d4de98b555786d973,2022-01-01,3077,1641042454169,20220101,130718,1668774677452037,155,663fd3c5144fd10bd5ca6611a9a5b92d,307720220101130718,47254169,76.6,19,727.745,2,42,1557,-1.5860001,3.8,0.0,0,0,False,False,False,False,False,False,False,False,False,False,0,False,0,56.2,False,False,0,False,False,False,0,0,False,0,False,-1.1960768,24,False,False,0.0,0.0,0.0,0.0,False,0,49621.44,False,False,False,11.0,0.0,34,34,33,33,10.0,True,False,0,False,4,11.139999,13.21,10.29,12.59,2022-01-01 13:06:51.520,2022-11-18 12:31:17.452037109
155,164104245426915603077,40119a362475ed3d4de98b555786d973,2022-01-01,3077,1641042454269,20220101,130718,1668774677452040,156,663fd3c5144fd10bd5ca6611a9a5b92d,307720220101130718,47254269,79.0,19,727.745,2,19,1586,-1.5860001,3.8,0.0,0,0,False,False,False,False,False,False,False,False,False,False,0,False,0,56.2,False,False,0,False,False,False,0,0,False,0,False,-1.4353368,25,False,False,0.0,0.0,0.0,0.0,False,0,49621.44,False,False,False,11.0,0.0,34,34,33,33,10.0,True,False,0,False,4,11.139999,13.21,10.29,12.59,2022-01-01 13:06:51.520,2022-11-18 12:31:17.452040039
156,164104245436915703077,40119a362475ed3d4de98b555786d973,2022-01-01,3077,1641042454369,20220101,130718,1668774677452044,157,663fd3c5144fd10bd5ca6611a9a5b92d,307720220101130718,47254369,81.0,19,727.745,2,55,1611,-1.5860001,3.8,0.0,0,0,False,False,False,False,False,False,False,False,False,False,0,False,0,56.2,False,False,0,False,False,False,0,0,False,0,False,-1.8181528,25,False,False,0.0,0.0,0.0,0.0,False,0,49621.44,False,False,False,11.0,0.0,34,34,33,33,10.0,True,False,0,False,4,11.139999,13.21,10.29,12.59,2022-01-01 13:06:51.520,2022-11-18 12:31:17.452043945
157,164104245446915803077,40119a362475ed3d4de98b555786d973,2022-01-01,3077,1641042454469,20220101,130718,1668774677452048,158,663fd3c5144fd10bd5ca6611a9a5b92d,307720220101130718,47254469,82.4,19,727.745,2,118,1640,-1.5860001,3.8,0.0,0,0,False,False,False,False,False,False,False,False,False,False,0,False,0,56.2,False,False,0,False,False,False,0,0,False,0,False,-1.8181528,25,False,False,0.0,0.0,0.0,0.0,False,0,49621.44,False,False,False,11.0,0.0,34,34,33,33,10.0,True,False,0,False,4,11.139999,13.21,10.29,12.59,2022-01-01 13:06:51.520,2022-11-18 12:31:17.452048096
158,164104245456915903077,40119a362475ed3d4de98b555786d973,2022-01-01,3077,1641042454569,20220101,130718,1668774677452051,159,663fd3c5144fd10bd5ca6611a9a5b92d,307720220101130718,47254569,83.4,19,727.745,2,183,1666,-1.268,2.5,0.0,0,0,False,False,False,False,False,False,False,False,False,False,0,False,0,57.100002,False,False,0,False,False,False,0,0,False,0,False,-1.3874848,25,False,False,0.0,0.0,0.0,0.0,False,0,49621.44,False,False,False,12.0,0.0,34,34,33,33,10.0,True,False,0,False,4,12.53,14.71,11.719999,14.0199995,2022-01-01 13:06:51.520,2022-11-18 12:31:17.452051025
159,164104245466916003077,40119a362475ed3d4de98b555786d973,2022-01-01,3077,1641042454669,20220101,130718,1668774677452055,160,663fd3c5144fd10bd5ca6611a9a5b92d,307720220101130718,47254669,84.200005,19,727.745,2,195,1692,-1.268,2.5,0.0,0,0,False,False,False,False,False,False,False,False,False,False,0,False,0,57.100002,False,False,0,False,False,False,0,0,False,0,False,-0.9568168,25,False,False,0.0,0.0,0.0,0.0,False,0,49621.44,False,False,False,12.0,0.0,34,34,33,33,10.0,True,False,0,False,4,12.53,14.71,11.719999,14.0199995,2022-01-01 13:06:51.520,2022-11-18 12:31:17.452054932
160,164104245476916103077,40119a362475ed3d4de98b555786d973,2022-01-01,3077,1641042454769,20220101,130718,1668774677452058,161,663fd3c5144fd10bd5ca6611a9a5b92d,307720220101130718,47254769,84.8,19,727.745,2,192,1715,-1.268,2.5,0.0,0,0,False,False,False,False,False,False,False,False,False,False,0,False,0,57.100002,False,False,0,False,False,False,0,0,False,0,False,-0.8132608,25,False,False,0.0,0.0,0.0,0.0,False,0,49621.44,False,False,False,12.0,0.0,34,34,33,33,10.0,True,False,0,False,4,12.53,14.71,11.719999,14.0199995,2022-01-01 13:06:51.520,2022-11-18 12:31:17.452058105
161,164104245486916203077,40119a362475ed3d4de98b555786d973,2022-01-01,3077,1641042454869,20220101,130718,1668774677452065,162,663fd3c5144fd10bd5ca6611a9a5b92d,307720220101130718,47254869,85.200005,19,727.745,2,169,1741,-1.268,2.5,0.0,0,0,False,False,False,False,False,False,False,False,False,False,0,False,0,57.100002,False,False,0,False,False,False,0,0,False,0,False,-0.6697048,25,False,False,0.0,0.0,0.0,0.0,False,0,49621.44,False,False,False,12.0,0.0,34,34,33,33,10.0,True,False,0,False,4,12.53,14.71,11.719999,14.0199995,2022-01-01 13:06:51.520,2022-11-18 12:31:17.452064941
162,164104245496916303077,40119a362475ed3d4de98b555786d973,2022-01-01,3077,1641042454969,20220101,130718,1668774677452068,163,663fd3c5144fd10bd5ca6611a9a5b92d,307720220101130718,47254969,85.4,19,727.745,2,186,1767,-1.268,2.5,0.0,0,0,False,False,False,False,False,False,False,False,False,False,0,False,0,57.100002,False,False,0,False,False,False,0,0,False,0,False,-0.8132608,25,False,False,0.0,0.0,0.0,0.0,False,0,49621.44,False,False,False,12.0,0.0,34,34,33,33,10.0,True,False,0,False,4,12.53,14.71,11.719999,14.0199995,2022-01-01 13:06:51.520,2022-11-18 12:31:17.452068115
163,164104245506916403077,40119a362475ed3d4de98b555786d973,2022-01-01,3077,1641042455069,20220101,130718,1668774677452072,164,663fd3c5144fd10bd5ca6611a9a5b92d,307720220101130718,47255069,86.200005,20,727.745,2,215,1787,-0.95000005,0.3,0.0,0,0,False,False,False,False,False,False,False,False,False,False,0,False,0,58.3,False,False,0,False,False,False,0,0,False,0,False,-1.0046688,25,False,False,0.0,0.0,0.0,0.0,False,0,49621.44,False,False,False,14.0,0.0,34,34,33,33,10.0,True,False,0,False,4,14.309999,15.96,13.929999,15.589999,2022-01-01 13:06:51.520,2022-11-18 12:31:17.452072021
164,164104245516916503077,40119a362475ed3d4de98b555786d973,2022-01-01,3077,1641042455169,20220101,130718,1668774677452076,165,663fd3c5144fd10bd5ca6611a9a5b92d,307720220101130718,47255169,87.4,20,727.745,2,239,1810,-0.95000005,0.3,0.0,0,0,False,False,False,False,False,False,False,False,False,False,0,False,0,58.3,False,False,0,False,False,False,0,0,False,0,False,-0.6697048,25,False,False,0.0,0.0,0.0,0.0,False,0,49621.44,False,False,False,14.0,0.0,34,34,33,33,10.0,True,False,0,False,4,14.309999,15.96,13.929999,15.589999,2022-01-01 13:06:51.520,2022-11-18 12:31:17.452075928
165,164104245526916603077,40119a362475ed3d4de98b555786d973,2022-01-01,3077,1641042455269,20220101,130718,1668774677452080,166,663fd3c5144fd10bd5ca6611a9a5b92d,307720220101130718,47255269,87.8,20,727.745,2,225,1841,-0.95000005,0.3,0.0,0,0,False,False,False,False,False,False,False,False,False,False,0,False,0,58.3,False,False,0,False,False,False,0,0,False,0,False,-0.47829682,25,False,False,0.0,0.0,0.0,0.0,False,0,49621.44,False,False,False,14.0,0.0,34,34,33,33,10.0,True,False,0,False,4,14.309999,15.96,13.929999,15.589999,2022-01-01 13:06:51.520,2022-11-18 12:31:17.452080078
166,164104245536916703077,40119a362475ed3d4de98b555786d973,2022-01-01,3077,1641042455369,20220101,130718,1668774677452084,167,663fd3c5144fd10bd5ca6611a9a5b92d,307720220101130718,47255369,87.8,20,727.745,2,194,1870,-0.95000005,0.3,0.0,0,0,False,False,False,False,False,False,False,False,False,False,0,False,0,58.3,False,False,0,False,False,False,0,0,False,0,False,-0.28688884,25,False,False,0.0,0.0,0.0,0.0,False,0,49621.44,False,False,False,14.0,0.0,34,34,33,33,10.0,True,False,0,False,4,14.309999,15.96,13.929999,15.589999,2022-01-01 13:06:51.520,2022-11-18 12:31:17.452083984
167,164104245546916803077,40119a362475ed3d4de98b555786d973,2022-01-01,3077,1641042455469,20220101,130718,1668774677452088,168,663fd3c5144fd10bd5ca6611a9a5b92d,307720220101130718,47255469,88.0,20,727.745,2,205,1897,-0.95000005,0.3,0.0,0,0,False,False,False,False,False,False,False,False,False,False,0,False,0,58.3,False,False,0,False,False,False,0,0,False,0,False,-0.33474082,25,False,False,0.0,0.0,0.0,0.0,False,0,49621.44,False,False,False,14.0,0.0,34,34,33,33,10.0,True,False,0,False,4,14.309999,15.96,13.929999,15.589999,2022-01-01 13:06:51.520,2022-11-18 12:31:17.452087891
168,164104245556916903077,40119a362475ed3d4de98b555786d973,2022-01-01,3077,1641042455569,20220101,130718,1668774677452091,169,663fd3c5144fd10bd5ca6611a9a5b92d,307720220101130718,47255569,88.0,20,727.745,2,198,1921,-0.109000005,2.0,0.0,0,0,False,False,False,False,False,False,False,False,False,False,0,False,0,59.600002,False,False,0,False,False,False,0,0,False,0,False,-0.19118483,25,False,False,0.0,0.0,0.0,0.0,False,0,49621.44,False,False,False,15.0,0.0,34,34,33,33,10.0,True,False,0,False,4,16.38,17.34,16.25,17.199999,2022-01-01 13:06:51.520,2022-11-18 12:31:17.452091064
169,164104245566917003077,40119a362475ed3d4de98b555786d973,2022-01-01,3077,1641042455669,20220101,130718,1668774677452095,170,663fd3c5144fd10bd5ca6611a9a5b92d,307720220101130718,47255669,88.0,20,727.745,2,163,1956,-0.109000005,2.0,0.0,0,0,False,False,False,False,False,False,False,False,False,False,0,False,0,59.600002,False,False,0,False,False,False,0,0,False,0,False,0.00022315979,25,False,False,0.0,0.0,0.0,0.0,False,0,49621.44,False,False,False,15.0,0.0,34,34,33,33,10.0,True,False,0,False,4,16.38,17.34,16.25,17.199999,2022-01-01 13:06:51.520,2022-11-18 12:31:17.452094971
170,164104245576917103077,40119a362475ed3d4de98b555786d973,2022-01-01,3077,1641042455769,20220101,130718,1668774677452099,171,663fd3c5144fd10bd5ca6611a9a5b92d,307720220101130718,47255769,86.6,20,727.745,2,123,1979,-0.109000005,2.0,0.0,0,0,False,False,False,False,False,False,False,False,False,False,0,False,0,59.600002,False,False,0,False,False,False,0,0,False,0,False,-0.14333284,25,False,False,0.0,0.0,0.0,0.0,False,0,49621.44,False,False,False,15.0,0.0,34,34,33,33,10.0,True,False,0,False,4,16.38,17.34,16.25,17.199999,2022-01-01 13:06:51.520,2022-11-18 12:31:17.452099121
171,164104245586917203077,40119a362475ed3d4de98b555786d973,2022-01-01,3077,1641042455869,20220101,130718,1668774677452102,172,663fd3c5144fd10bd5ca6611a9a5b92d,307720220101130718,47255869,86.8,20,727.745,2,121,2014,-0.109000005,2.0,0.0,0,0,False,False,False,False,False,False,False,False,False,False,0,False,0,59.600002,False,False,0,False,False,False,0,0,False,0,False,-0.14333284,25,False,False,0.0,0.0,0.0,0.0,False,0,49621.44,False,False,False,15.0,0.0,34,34,33,33,10.0,True,False,0,False,4,16.38,17.34,16.25,17.199999,2022-01-01 13:06:51.520,2022-11-18 12:31:17.452102051
172,164104245596917303077,40119a362475ed3d4de98b555786d973,2022-01-01,3077,1641042455969,20220101,130718,1668774677452109,173,663fd3c5144fd10bd5ca6611a9a5b92d,307720220101130718,47255969,86.200005,20,727.745,2,111,2044,-0.109000005,2.0,0.0,0,0,False,False,False,False,False,False,False,False,False,False,0,False,0,59.600002,False,False,0,False,False,False,0,0,False,0,False,-0.04762884,25,False,False,0.0,0.0,0.0,0.0,False,0,49621.44,False,False,False,15.0,0.0,34,34,33,33,10.0,True,False,0,False,4,16.38,17.34,16.25,17.199999,2022-01-01 13:06:51.520,2022-11-18 12:31:17.452108887
173,164104245606917403077,40119a362475ed3d4de98b555786d973,2022-01-01,3077,1641042456069,20220101,130718,1668774677452112,174,663fd3c5144fd10bd5ca6611a9a5b92d,307720220101130718,47256069,86.200005,20,727.745,2,82,2068,-0.007,1.2,0.0,0,0,False,False,False,False,False,False,False,False,False,False,0,False,0,61.0,False,False,0,False,False,False,0,0,False,0,False,-0.04762884,25,False,False,0.0,0.0,0.0,0.0,False,0,49621.44,False,False,False,17.0,0.0,34,34,33,33,10.0,True,False,0,False,4,18.51,18.9,18.47,18.859999,2022-01-01 13:06:51.520,2022-11-18 12:31:17.452112061
174,164104245616917503077,40119a362475ed3d4de98b555786d973,2022-01-01,3077,1641042456169,20220101,130718,1668774677452116,175,663fd3c5144fd10bd5ca6611a9a5b92d,307720220101130718,47256169,86.0,20,727.745,2,48,2101,-0.007,1.2,0.0,0,0,False,False,False,False,False,False,False,False,False,False,0,False,0,61.0,False,False,0,False,False,False,0,0,False,0,False,-0.14333284,26,False,False,0.0,0.0,0.0,0.0,False,0,49621.44,False,False,False,17.0,0.0,34,34,33,33,10.0,True,False,0,False,4,18.51,18.9,18.47,18.859999,2022-01-01 13:06:51.520,2022-11-18 12:31:17.452115967
175,164104245626917603077,40119a362475ed3d4de98b555786d973,2022-01-01,3077,1641042456269,20220101,130718,1668774677452120,176,663fd3c5144fd10bd5ca6611a9a5b92d,307720220101130718,47256269,85.8,20,727.745,2,45,2126,-0.007,1.2,0.0,0,0,False,False,False,False,False,False,False,False,False,False,0,False,0,61.0,False,False,0,False,False,False,0,0,False,0,False,-0.19118483,26,False,False,0.0,0.0,0.0,0.0,False,0,49621.44,False,False,False,17.0,0.0,34,34,33,33,10.0,True,False,0,False,4,18.51,18.9,18.47,18.859999,2022-01-01 13:06:51.520,2022-11-18 12:31:17.452120117
176,164104245636917703077,40119a362475ed3d4de98b555786d973,2022-01-01,3077,1641042456369,20220101,130718,1668774677452123,177,663fd3c5144fd10bd5ca6611a9a5b92d,307720220101130718,47256369,86.4,20,727.745,2,39,2152,-0.007,1.2,0.0,0,0,False,False,False,False,False,False,False,False,False,False,0,False,0,61.0,False,False,0,False,False,False,0,0,False,0,False,-0.19118483,27,False,False,0.0,0.0,0.0,0.0,False,0,49621.44,False,False,False,17.0,0.0,34,34,33,33,10.0,True,False,0,False,4,18.51,18.9,18.47,18.859999,2022-01-01 13:06:51.520,2022-11-18 12:31:17.452123047
177,164104245646917803077,40119a362475ed3d4de98b555786d973,2022-01-01,3077,1641042456469,20220101,130718,1668774677452128,178,663fd3c5144fd10bd5ca6611a9a5b92d,307720220101130718,47256469,87.8,20,727.745,2,32,2173,-0.007,1.2,0.0,0,0,False,False,False,False,False,False,False,False,False,False,0,False,0,61.0,False,False,0,False,False,False,0,0,False,0,False,-0.28688884,27,False,False,0.0,0.0,0.0,0.0,False,0,49621.44,False,False,False,17.0,0.0,34,34,33,33,10.0,True,False,0,False,4,18.51,18.9,18.47,18.859999,2022-01-01 13:06:51.520,2022-11-18 12:31:17.452127929
178,164104245656917903077,40119a362475ed3d4de98b555786d973,2022-01-01,3077,1641042456569,20220101,130718,1668774677452131,179,663fd3c5144fd10bd5ca6611a9a5b92d,307720220101130718,47256569,88.4,20,727.745,2,36,2208,-0.15400001,1.3000001,0.0,0,0,False,False,False,False,False,False,False,False,False,False,0,False,0,62.600002,False,False,0,False,False,False,0,0,False,0,False,-0.28688884,27,False,False,0.0,0.0,0.0,0.0,False,0,49621.44,False,False,False,19.0,0.0,34,34,33,33,10.0,True,False,0,False,4,20.35,20.51,20.289999,20.51,2022-01-01 13:06:51.520,2022-11-18 12:31:17.452131104
179,164104245666918003077,40119a362475ed3d4de98b555786d973,2022-01-01,3077,1641042456669,20220101,130718,1668774677452135,180,663fd3c5144fd10bd5ca6611a9a5b92d,307720220101130718,47256669,88.8,20,727.745,2,20,2234,-0.15400001,1.3000001,0.0,0,0,False,False,False,False,False,False,False,False,False,False,0,False,0,62.600002,False,False,0,False,False,False,0,0,False,0,False,-0.19118483,27,False,False,0.0,0.0,0.0,0.0,False,0,49621.44,False,False,False,19.0,0.0,34,34,33,33,10.0,True,False,0,False,4,20.35,20.51,20.289999,20.51,2022-01-01 13:06:51.520,2022-11-18 12:31:17.452135010
180,164104245676918103077,40119a362475ed3d4de98b555786d973,2022-01-01,3077,1641042456769,20220101,130718,1668774677452139,181,663fd3c5144fd10bd5ca6611a9a5b92d,307720220101130718,47256769,89.4,20,727.745,2,9,2256,-0.15400001,1.3000001,0.0,0,0,False,False,False,False,False,False,False,False,False,False,0,False,0,62.600002,False,False,0,False,False,False,0,0,False,0,False,-0.09548084,27,False,False,0.0,0.0,0.0,0.0,False,0,49621.44,False,False,False,19.0,0.0,34,34,33,33,10.0,True,False,0,False,4,20.35,20.51,20.289999,20.51,2022-01-01 13:06:51.520,2022-11-18 12:31:17.452138916
181,164104245686918203077,40119a362475ed3d4de98b555786d973,2022-01-01,3077,1641042456869,20220101,130718,1668774677452143,182,663fd3c5144fd10bd5ca6611a9a5b92d,307720220101130718,47256869,89.4,20,727.745,2,13,2280,-0.15400001,1.3000001,0.0,0,0,False,False,False,False,False,False,False,False,False,False,0,False,0,62.600002,False,False,0,False,False,False,0,0,False,0,False,-0.23903683,27,False,False,0.0,0.0,0.0,0.0,False,0,49621.44,False,False,False,19.0,0.0,34,34,33,33,10.0,True,False,0,False,4,20.35,20.51,20.289999,20.51,2022-01-01 13:06:51.520,2022-11-18 12:31:17.452143066
182,164104245696918303077,40119a362475ed3d4de98b555786d973,2022-01-01,3077,1641042456969,20220101,130718,1668774677452150,183,663fd3c5144fd10bd5ca6611a9a5b92d,307720220101130718,47256969,89.200005,20,727.745,2,19,2297,-0.15400001,1.3000001,0.0,0,0,False,False,False,False,False,False,False,False,False,False,0,False,0,62.600002,False,False,0,False,False,False,0,0,False,0,False,-0.28688884,27,False,False,0.0,0.0,0.0,0.0,False,0,49621.44,False,False,False,19.0,0.0,34,34,33,33,10.0,True,False,0,False,4,20.35,20.51,20.289999,20.51,2022-01-01 13:06:51.520,2022-11-18 12:31:17.452149902
183,164104245706918403077,40119a362475ed3d4de98b555786d973,2022-01-01,3077,1641042457069,20220101,130718,1668774677452154,184,663fd3c5144fd10bd5ca6611a9a5b92d,307720220101130718,47257069,89.8,20,727.745,2,18,2313,0.215,1.1,0.0,0,0,False,False,False,False,False,False,False,False,False,False,0,False,0,64.3,False,False,0,False,False,False,0,0,False,0,False,-0.23903683,28,False,False,0.0,0.0,0.0,0.0,False,0,49621.44,False,False,False,20.0,0.0,34,34,33,33,10.0,True,False,0,False,4,21.98,22.06,21.89,22.02,2022-01-01 13:06:51.520,2022-11-18 12:31:17.452154053
184,164104245716918503077,40119a362475ed3d4de98b555786d973,2022-01-01,3077,1641042457169,20220101,130718,1668774677452158,185,663fd3c5144fd10bd5ca6611a9a5b92d,307720220101130718,47257169,93.0,20,727.745,2,24,2331,0.215,1.1,0.0,0,0,False,False,False,False,False,False,False,False,False,False,0,False,0,64.3,False,False,0,False,False,False,0,0,False,0,False,-0.19118483,30,False,False,0.0,0.0,0.0,0.0,False,0,49621.44,False,False,False,20.0,0.0,34,34,33,33,10.0,True,False,0,False,4,21.98,22.06,21.89,22.02,2022-01-01 13:06:51.520,2022-11-18 12:31:17.452157959
185,164104245726918603077,40119a362475ed3d4de98b555786d973,2022-01-01,3077,1641042457269,20220101,130718,1668774677452162,186,663fd3c5144fd10bd5ca6611a9a5b92d,307720220101130718,47257269,97.0,20,727.745,2,21,2358,0.215,1.1,0.0,0,0,False,False,False,False,False,False,False,False,False,False,0,False,0,64.3,False,False,0,False,False,False,0,0,False,0,False,-0.14333284,30,False,False,0.0,0.0,0.0,0.0,False,0,49621.44,False,False,False,20.0,0.0,34,34,33,33,10.0,True,False,0,False,4,21.98,22.06,21.89,22.02,2022-01-01 13:06:51.520,2022-11-18 12:31:17.452162109
186,164104245736918703077,40119a362475ed3d4de98b555786d973,2022-01-01,3077,1641042457369,20220101,130718,1668774677452165,187,663fd3c5144fd10bd5ca6611a9a5b92d,307720220101130718,47257369,90.6,20,727.745,2,11,2393,0.215,1.1,0.0,0,0,False,False,False,False,False,False,False,False,False,False,0,False,0,64.3,False,False,0,False,False,False,0,0,False,0,False,-0.14333284,30,False,False,0.0,0.0,0.0,0.0,False,0,49621.44,False,False,False,20.0,0.0,34,34,33,33,10.0,True,False,0,False,4,21.98,22.06,21.89,22.02,2022-01-01 13:06:51.520,2022-11-18 12:31:17.452165039
187,164104245746918803077,40119a362475ed3d4de98b555786d973,2022-01-01,3077,1641042457469,20220101,130718,1668774677452169,188,663fd3c5144fd10bd5ca6611a9a5b92d,307720220101130718,47257469,75.8,20,727.745,2,0,2385,0.215,1.1,0.0,0,0,False,False,False,False,False,False,False,False,False,False,0,False,0,64.3,False,False,0,False,False,False,0,0,False,0,False,-0.14333284,30,False,False,0.0,0.0,0.0,0.0,False,0,49621.44,False,False,False,20.0,0.0,34,34,33,33,10.0,True,False,0,False,4,21.98,22.06,21.89,22.02,2022-01-01 13:06:51.520,2022-11-18 12:31:17.452168945
188,164104245756918903077,40119a362475ed3d4de98b555786d973,2022-01-01,3077,1641042457569,20220101,130718,1668774677452172,189,663fd3c5144fd10bd5ca6611a9a5b92d,307720220101130718,47257569,69.4,20,727.745,2,8,2342,0.43100002,0.6,0.0,0,0,False,False,False,False,False,False,False,False,False,False,0,False,0,66.0,False,False,0,False,False,False,0,0,False,0,False,-0.23903683,30,False,False,0.0,0.0,0.0,0.0,False,0,49621.44,False,False,False,22.0,0.0,34,34,33,33,10.0,True,False,0,False,4,23.35,23.38,23.25,23.23,2022-01-01 13:06:51.520,2022-11-18 12:31:17.452172119
189,164104245766919003077,40119a362475ed3d4de98b555786d973,2022-01-01,3077,1641042457669,20220101,130718,1668774677452176,190,663fd3c5144fd10bd5ca6611a9a5b92d,307720220101130718,47257669,68.6,20,727.745,2,15,2223,0.43100002,0.6,0.0,0,0,False,False,False,False,False,False,False,False,False,False,0,False,0,66.0,False,False,0,False,False,False,0,0,False,0,False,-0.28688884,30,False,False,0.0,0.0,0.0,0.0,False,0,49621.44,False,False,False,22.0,0.0,34,34,33,33,10.0,True,False,0,False,4,23.35,23.38,23.25,23.23,2022-01-01 13:06:51.520,2022-11-18 12:31:17.452176025
190,164104245776919103077,40119a362475ed3d4de98b555786d973,2022-01-01,3077,1641042457769,20220101,130718,1668774677452180,191,663fd3c5144fd10bd5ca6611a9a5b92d,307720220101130718,47257769,83.6,20,727.745,2,19,2055,0.43100002,0.6,0.0,0,0,False,False,False,False,False,False,False,False,False,False,0,False,0,66.0,False,False,0,False,False,False,0,0,False,0,False,-0.23903683,30,False,False,0.0,0.0,0.0,0.0,False,0,49621.44,False,False,False,22.0,0.0,34,34,33,33,10.0,True,False,0,False,4,23.35,23.38,23.25,23.23,2022-01-01 13:06:51.520,2022-11-18 12:31:17.452179932
191,164104245786919203077,40119a362475ed3d4de98b555786d973,2022-01-01,3077,1641042457869,20220101,130718,1668774677452184,192,663fd3c5144fd10bd5ca6611a9a5b92d,307720220101130718,47257869,98.0,20,727.745,2,10,1975,0.43100002,0.6,0.0,0,0,False,False,False,False,False,False,False,False,False,False,0,False,0,66.0,False,False,0,False,False,False,0,0,False,0,False,-0.14333284,30,False,False,0.0,0.0,0.0,0.0,False,0,49621.44,False,False,False,22.0,0.0,34,34,33,33,10.0,True,False,0,False,4,23.35,23.38,23.25,23.23,2022-01-01 13:06:51.520,2022-11-18 12:31:17.452184082
192,164104245796919303077,40119a362475ed3d4de98b555786d973,2022-01-01,3077,1641042457969,20220101,130718,1668774677452188,193,663fd3c5144fd10bd5ca6611a9a5b92d,307720220101130718,47257969,104.4,20,727.745,2,0,1943,0.43100002,0.6,0.0,0,0,False,False,False,False,False,False,False,False,False,False,0,False,0,66.0,False,False,0,False,False,False,0,0,False,0,False,-0.09548084,30,False,False,0.0,0.0,0.0,0.0,False,0,49621.44,False,False,False,22.0,0.0,34,34,33,33,10.0,True,False,0,False,4,23.35,23.38,23.25,23.23,2022-01-01 13:06:51.520,2022-11-18 12:31:17.452187988
193,164104245806919403077,40119a362475ed3d4de98b555786d973,2022-01-01,3077,1641042458069,20220101,130718,1668774677452195,194,663fd3c5144fd10bd5ca6611a9a5b92d,307720220101130718,47258069,110.200005,20,727.745,2,1,1845,-0.126,1.1,0.0,0,0,False,False,False,False,False,False,False,False,False,False,0,False,0,67.5,False,False,0,False,False,False,0,0,False,0,False,-0.23903683,31,False,False,0.0,0.0,0.0,0.0,False,0,49621.44,False,False,False,23.0,0.0,34,34,33,33,10.0,True,False,0,False,4,25.18,25.15,24.99,25.029999,2022-01-01 13:06:51.520,2022-11-18 12:31:17.452195068
194,164104245816919503077,40119a362475ed3d4de98b555786d973,2022-01-01,3077,1641042458169,20220101,130718,1668774677452198,195,663fd3c5144fd10bd5ca6611a9a5b92d,307720220101130718,47258169,113.4,20,727.745,2,0,1710,-0.126,1.1,0.0,0,0,False,False,False,False,False,False,False,False,False,False,0,False,0,67.5,False,False,0,False,False,False,0,0,False,0,False,-0.28688884,31,False,False,0.0,0.0,0.0,0.0,False,0,49621.44,False,False,False,23.0,0.0,34,34,33,33,10.0,True,False,0,False,4,25.18,25.15,24.99,25.029999,2022-01-01 13:06:51.520,2022-11-18 12:31:17.452197998
195,164104245826919603077,40119a362475ed3d4de98b555786d973,2022-01-01,3077,1641042458269,20220101,130718,1668774677452202,196,663fd3c5144fd10bd5ca6611a9a5b92d,307720220101130718,47258269,115.200005,20,727.745,2,-1,1663,-0.126,1.1,0.0,0,0,False,False,False,False,False,False,False,False,False,False,0,False,0,67.5,False,False,0,False,False,False,0,0,False,0,False,-0.23903683,31,False,False,0.0,0.0,0.0,0.0,False,0,49621.44,False,False,False,23.0,0.0,34,34,33,33,10.0,True,False,0,False,4,25.18,25.15,24.99,25.029999,2022-01-01 13:06:51.520,2022-11-18 12:31:17.452201904
196,164104245836919703077,40119a362475ed3d4de98b555786d973,2022-01-01,3077,1641042458369,20220101,130718,1668774677452206,197,663fd3c5144fd10bd5ca6611a9a5b92d,307720220101130718,47258369,115.4,20,727.745,2,0,1670,-0.126,1.1,0.0,0,0,False,False,False,False,False,False,False,False,False,False,0,False,0,67.5,False,False,0,False,False,False,0,0,False,0,False,-0.28688884,31,False,False,0.0,0.0,0.0,0.0,False,0,49621.44,False,False,False,23.0,0.0,34,34,33,33,10.0,True,False,0,False,4,25.18,25.15,24.99,25.029999,2022-01-01 13:06:51.520,2022-11-18 12:31:17.452206055
197,164104245846919803077,40119a362475ed3d4de98b555786d973,2022-01-01,3077,1641042458469,20220101,130718,1668774677452209,198,663fd3c5144fd10bd5ca6611a9a5b92d,307720220101130718,47258469,116.8,20,727.745,2,20,1669,-0.126,1.1,0.0,0,0,False,False,False,False,False,False,False,False,False,False,0,False,0,67.5,False,False,0,False,False,False,0,0,False,0,False,-0.28688884,32,False,False,0.0,0.0,0.0,0.0,False,0,49621.44,False,False,False,23.0,0.0,34,34,33,33,10.0,True,False,0,False,4,25.18,25.15,24.99,25.029999,2022-01-01 13:06:51.520,2022-11-18 12:31:17.452208984
198,164104245856919903077,40119a362475ed3d4de98b555786d973,2022-01-01,3077,1641042458569,20220101,130718,1668774677452213,199,663fd3c5144fd10bd5ca6611a9a5b92d,307720220101130718,47258569,119.200005,21,727.745,2,16,1665,1.0220001,2.2,0.0,0,0,False,False,False,False,False,False,False,False,False,False,0,False,0,68.9,False,False,0,False,False,False,0,0,False,0,False,-0.04762884,32,False,False,0.0,0.0,0.0,0.0,False,0,49621.44,False,False,False,25.0,0.0,34,34,33,33,10.0,True,False,0,False,4,26.92,26.849998,26.849998,26.779999,2022-01-01 13:06:51.520,2022-11-18 12:31:17.452212891
199,164104245866920003077,40119a362475ed3d4de98b555786d973,2022-01-01,3077,1641042458669,20220101,130718,1668774677452216,200,663fd3c5144fd10bd5ca6611a9a5b92d,307720220101130718,47258669,121.200005,21,727.745,2,16,1664,1.0220001,2.2,0.0,0,0,False,False,False,False,False,False,False,False,False,False,0,False,0,68.9,False,False,0,False,False,False,0,0,False,0,False,0.00022315979,33,False,False,0.0,0.0,0.0,0.0,False,0,49621.44,False,False,False,25.0,0.0,34,34,33,33,10.0,True,False,0,False,4,26.92,26.849998,26.849998,26.779999,2022-01-01 13:06:51.520,2022-11-18 12:31:17.452216064
