,uuid,segmentid,partitionDate,device,timestamp,filedate,filetimeutc,updateTimeMs,sequenceNo,vin,tripId,utctime,startlocaltime,endlocaltime,swversionmaj,swversionmin,startlatitude,startlongitude,endlatitude,endlongitude,startodometer,numBSMTx,numGNSSOutages,numCANOutages,firmwareVersionString,configsVersionString,fullMediaVersionString,deltaMediaVersionString,pluginsVersionString,totalStorageOnDevice,storageUsed,configVersion,endodometer,numNormalBSMRx,numShadowBSMRx,numSPATRx,numWarnings,numInforms,numIntersectionEncounters,timestamp_hr,updateTimeMs_hr,startlocaltime_hr,endlocaltime_hr
100,1641127821557110423,db7b933743e0bf842e992a6776b4b11c,2022-01-02,10423,1641127821557,20220102,125021,1668774746159946,1,99e314b1b43706773153e7ef375fc68c,1042320220102125021,1641127821557,46221557,46245256,,,,,,,,0,0,0,TOYOTA-THEA-C-V1.5,00,TOYOTA-THEA-C-V1.5,0,00,12385,39,0,,0,0,0,0,0,255,2022-01-02 12:51:10.464,2022-11-18 12:32:26.159946045,2022-01-02 17:50:21.557,2022-01-02 17:50:45.256
101,1641128802967110423,99bfe89e9b9fa5062ff7a654535cd44a,2022-01-02,10423,1641128802967,20220102,130642,1668774749177975,1,99e314b1b43706773153e7ef375fc68c,1042320220102130642,1641128802967,47202967,47869221,,,,,35.58700384474746,-82.48789886574752,,4896,1,1,TOYOTA-THEA-C-V1.5,00,TOYOTA-THEA-C-V1.5,0,00,12385,38,0,0.0,0,0,0,0,0,0,2022-01-02 13:06:27.968,2022-11-18 12:32:29.177975098,2022-01-02 18:06:42.967,2022-01-02 18:17:49.221
102,1641130514189110032,09a7d7eb17c2ed0909d98604de3e3398,2022-01-02,10032,1641130514189,20220102,133514,1668775067601613,1,c63a5650dcd0bf04b35bd712466010bc,1003220220102133514,1641130514189,48914189,49277473,,,,,27.81452173066001,-82.31289095681653,,3142,0,0,HONDA-THEA-C-V1.5,HONDA-THEA-C-V1.5.2,HONDA-THEA-C-V1.5,0,00,12385,50,0,0.0,0,0,0,0,0,0,2022-01-02 13:34:51.904,2022-11-18 12:37:47.601613037,2022-01-02 18:35:14.189,2022-01-02 18:41:17.473
103,1641131051931110422,bea0cbde058185aeb9dcb15cb04abbc6,2022-01-02,10422,1641131051931,20220102,134411,1668775042763292,1,67388f1834f7d6243b753ec33584a8df,1042220220102134411,1641131051931,49451931,49900210,,,,,27.937945440220727,-82.50087668181662,,4276,0,0,TOYOTA-THEA-C-V1.5,00,TOYOTA-THEA-C-V1.5,0,00,12385,36,0,0.0,0,0,0,0,0,0,2022-01-02 13:43:36.192,2022-11-18 12:37:22.763291992,2022-01-02 18:44:11.931,2022-01-02 18:51:40.210
104,1641131954193110049,bfe00e00e26191e106b36588c70d3dcc,2022-01-02,10049,1641131954193,20220102,135914,1668775054813112,1,1759e864edd6cb2200926b3a2f729dac,1004920220102135914,1641131954193,50354193,51547474,,,,,33.484730399182965,-80.46882198817687,,11364,0,0,HONDA-THEA-C-V1.5,HONDA-THEA-C-V1.5.2,HONDA-THEA-C-V1.5,0,00,12385,51,0,0.0,0,0,0,0,0,0,2022-01-02 13:58:53.696,2022-11-18 12:37:34.813112061,2022-01-02 18:59:14.193,2022-01-02 19:19:07.474
105,1641131997049110412,0ee19841682e4d626d7795941f89fb58,2022-01-02,10412,1641131997049,20220102,135957,1668775069944682,1,1b6171ff276542bd344c1600aaca6165,1041220220102135957,1641131997049,50397049,52036412,,,,,27.907611993103504,-82.25651486616935,,13137,1,1,TOYOTA-THEA-C-V1.5,00,TOYOTA-THEA-C-V1.5,0,00,12385,36,0,0.0,0,0,1999,0,0,10,2022-01-02 13:58:53.696,2022-11-18 12:37:49.944681885,2022-01-02 18:59:57.049,2022-01-02 19:27:16.412
106,1641132752169110014,277e9c33bb37f0fd2a5c06d65e89b894,2022-01-02,10014,1641132752169,20220102,141232,1668774740857576,1,7b9d31aa17b849b238ab79cef0733041,1001420220102141232,1641132752169,51152169,51873356,,,,,27.93337381854442,-82.29570683891508,,6659,0,0,HONDA-THEA-C-V1.5,HONDA-THEA-C-V1.5.1,HONDA-THEA-C-V1.5,0,00,12385,50,0,0.0,34,0,0,0,0,0,2022-01-02 14:12:00.128,2022-11-18 12:32:20.857575928,2022-01-02 19:12:32.169,2022-01-02 19:24:33.356
107,1641133639169110049,d0921a51d5870d7eba639c5228d8b90f,2022-01-02,10049,1641133639169,20220102,142719,1668774741970705,1,1759e864edd6cb2200926b3a2f729dac,1004920220102142719,1641133639169,52039169,68398269,,,33.484689480955204,-80.46864574983597,30.2854040620442,-81.98383057068705,0.0,163496,0,0,HONDA-THEA-C-V1.5,HONDA-THEA-C-V1.5.2,HONDA-THEA-C-V1.5,0,00,12385,50,0,0.0,0,0,0,0,0,0,2022-01-02 14:27:17.632,2022-11-18 12:32:21.970705078,2022-01-02 19:27:19.169,2022-01-02 23:59:58.269
108,1641134538727103044,45120c1c0931efb296f7c314e84f8da9,2022-01-02,3044,1641134538727,20220102,144218,1668775018202911,1,b8af7d0fbf094517781e0382102d7b27,304420220102144218,1641134538727,52938727,53338721,,,,,40.09836169183848,-83.11578116906259,,2846,0,51,HONDA-HSC-C-V1.13,HONDA-HSC-C-V1.13r2,HONDA-HSC-C-V1.11r1,0,HONDA-HSC-C-V1.13r2,5038,251,0,21613939.0,0,0,0,0,0,0,2022-01-02 14:42:35.136,2022-11-18 12:36:58.202910889,2022-01-02 19:42:18.727,2022-01-02 19:48:58.721
109,1641135160097110038,f1ed12ff5605eafe9175bae59834f6ea,2022-01-02,10038,1641135160097,20220102,145240,1668775040693593,1,0f6b1f657ac30ab76519ed4c677e9909,1003820220102145240,1641135160097,53560097,55303250,,,,,27.901826787485646,-82.31764748002891,,17145,0,0,HONDA-THEA-C-V1.5,HONDA-THEA-C-V1.5.2,HONDA-THEA-C-V1.5,0,00,12385,50,0,0.0,0,0,0,0,0,0,2022-01-02 14:53:30.496,2022-11-18 12:37:20.693593018,2022-01-02 19:52:40.097,2022-01-02 20:21:43.250
110,1641136810993110059,76bffa529db7e79374ea4775fd1828ae,2022-01-02,10059,1641136810993,20220102,152011,1668774744998990,1,e7ba053d8ba932b77348b3987ea0e40b,1005920220102152011,1641136810993,55210993,55460359,,,,,27.84058137617316,-82.20573426459748,,1426,1,1,HONDA-THEA-C-V1.5,HONDA-THEA-C-V1.5.1,HONDA-THEA-C-V1.5,0,00,12385,52,0,0.0,0,0,0,0,0,0,2022-01-02 15:19:43.360,2022-11-18 12:32:24.998989990,2022-01-02 20:20:10.993,2022-01-02 20:24:20.359
111,1641137114865110427,1a758db6ca25fa84c4cec236fca68db7,2022-01-02,10427,1641137114865,20220102,152514,1668775101814659,1,4c6515356f214aa275e07ddbbd922a5e,1042720220102152514,1641137114865,55514865,56443444,,,,,28.19048712432377,-82.35310098777447,,7864,0,0,TOYOTA-THEA-C-V1.5,00,TOYOTA-THEA-C-V1.5,0,00,12385,36,0,0.0,0,0,0,0,0,0,2022-01-02 15:26:16.576,2022-11-18 12:38:21.814658936,2022-01-02 20:25:14.865,2022-01-02 20:40:43.444
112,1641137575726110422,ede7641b6daffc344004cd65b661a4ae,2022-01-02,10422,1641137575726,20220102,153255,1668775088121121,1,67388f1834f7d6243b753ec33584a8df,1042220220102153255,1641137575726,55975726,63852725,,,27.949365553695127,-82.50826194795596,29.10513241692045,-82.09542249604722,0.0,78697,0,0,TOYOTA-THEA-C-V1.5,00,TOYOTA-THEA-C-V1.5,0,00,12385,36,0,0.0,75,0,0,0,0,0,2022-01-02 15:32:49.792,2022-11-18 12:38:08.121121094,2022-01-02 20:32:55.726,2022-01-02 22:44:12.725
113,1641139121058103044,edc895264af4ba81bff87512a0e99212,2022-01-02,3044,1641139121058,20220102,155841,1668774979182986,1,b8af7d0fbf094517781e0382102d7b27,304420220102155841,1641139121058,57521058,58223958,,,40.09836159183848,-83.11578116906259,40.09867877808384,-83.11546175913135,,6460,0,50,HONDA-HSC-C-V1.13,HONDA-HSC-C-V1.13r2,HONDA-HSC-C-V1.11r1,0,HONDA-HSC-C-V1.13r2,5038,251,0,21622938.0,49,0,0,0,0,0,2022-01-02 15:59:02.656,2022-11-18 12:36:19.182986084,2022-01-02 20:58:41.058,2022-01-02 21:10:23.958
114,1641139291717110429,589ceaa7980eb203740e7cbf46d651d7,2022-01-02,10429,1641139291717,20220102,160131,1668775061925151,1,82077c274c8b1917a195adc43f641529,1042920220102160131,1641139291717,57691717,62784377,,,,,27.893219780575265,-82.33594122672214,,50562,1,1,TOYOTA-THEA-C-V1.5,00,TOYOTA-THEA-C-V1.5,0,00,12385,37,0,0.0,0,0,0,0,0,0,2022-01-02 16:01:13.728,2022-11-18 12:37:41.925150879,2022-01-02 21:01:31.717,2022-01-02 22:26:24.377
115,1641139757085110048,ef0421bfe50ca14721e6c35cd3184a87,2022-01-02,10048,1641139757085,20220102,160917,1668775049767062,1,d843407a1a701630bb297c1148229eff,1004820220102160917,1641139757085,58157085,59629638,,,,,28.03595580175609,-82.44804573692149,,14038,1,1,HONDA-THEA-C-V1.5,HONDA-THEA-C-V1.5.2,HONDA-THEA-C-V1.5,0,00,12385,51,0,0.0,0,0,0,0,0,0,2022-01-02 16:09:58.016,2022-11-18 12:37:29.767062012,2022-01-02 21:09:17.085,2022-01-02 21:33:49.638
116,1641139995645103044,f200816816a8482396d44b3e00da8113,2022-01-02,3044,1641139995645,20220102,161315,1668774986253193,1,b8af7d0fbf094517781e0382102d7b27,304420220102161315,1641139995645,58395645,58632045,,,40.09867877808384,-83.11546165913134,40.108171936444144,-83.13565432585095,,1761,0,50,HONDA-HSC-C-V1.13,HONDA-HSC-C-V1.13r2,HONDA-HSC-C-V1.11r1,0,HONDA-HSC-C-V1.13r2,5038,251,0,21625938.0,56,0,285,0,0,0,2022-01-02 16:14:20.160,2022-11-18 12:36:26.253193115,2022-01-02 21:13:15.645,2022-01-02 21:17:12.045
117,1641140497187110009,7541b1c3093ad3523dba66156bbff713,2022-01-02,10009,1641140497187,20220102,162137,1668774940249263,1,483d8df877b31405c1e8fe4247f02d86,1000920220102162137,1641140497187,58897187,62346747,,,,,27.714086161614023,-82.33332680275473,,34254,0,0,HONDA-THEA-C-V1.5,HONDA-THEA-C-V1.5.2,HONDA-THEA-C-V1.5,0,00,12385,50,0,0.0,527,0,0,0,0,0,2022-01-02 16:20:53.376,2022-11-18 12:35:40.249262939,2022-01-02 21:21:37.187,2022-01-02 22:19:06.747
118,1641140898764110412,5048c27e72b203062ee77e1f23a918d6,2022-01-02,10412,1641140898764,20220102,162818,1668774752027320,1,1b6171ff276542bd344c1600aaca6165,1041220220102162818,1641140898764,59298764,60063184,,,27.9385938865647,-82.45319472177118,27.938701607877228,-82.30663335435351,0.0,7480,0,0,TOYOTA-THEA-C-V1.5,00,TOYOTA-THEA-C-V1.5,0,00,12385,36,0,0.0,7,0,0,0,0,0,2022-01-02 16:27:26.592,2022-11-18 12:32:32.027320068,2022-01-02 21:28:18.764,2022-01-02 21:41:03.184
119,1641141207252110005,251c8f0f4c449fdc0b6fd1cd9b5ebc38,2022-01-02,10005,1641141207252,20220102,163327,1668774726768819,1,6eb887126d24e8f1cd8ad5033482c781,1000520220102163327,1641141207252,59607252,60785098,,,,,27.76923080652632,-82.6677415345965,,11669,1,59,HONDA-THEA-C-V1.5,HONDA-THEA-C-V1.5.2,HONDA-THEA-C-V1.5,0,00,12385,50,0,78453778.0,0,0,0,0,0,0,2022-01-02 16:33:59.808,2022-11-18 12:32:06.768819092,2022-01-02 21:33:27.252,2022-01-02 21:53:05.098
120,1641141897433110412,a0ac3c250139e99a07133fa7659b0433,2022-01-02,10412,1641141897433,20220102,164457,1668775081023488,1,1b6171ff276542bd344c1600aaca6165,1041220220102164457,1641141897433,60297433,61628332,,,27.9385938865647,-82.45319472177118,27.93864785819411,-82.45312534554269,0.0,12139,4,4,TOYOTA-THEA-C-V1.5,00,TOYOTA-THEA-C-V1.5,0,00,12385,36,0,0.0,1543,0,254,0,0,5,2022-01-02 16:44:55.168,2022-11-18 12:38:01.023488037,2022-01-02 21:44:57.433,2022-01-02 22:07:08.332
121,1641142042261110044,a381483daf283cf8e54bc4c5a79f1d9f,2022-01-02,10044,1641142042261,20220102,164722,1668774761977829,1,9c16b0e83f09596202f402261f25c8a9,1004420220102164722,1641142042261,60442261,61210112,,,,,27.894815321486483,-82.3326320929925,,7238,1,1,HONDA-THEA-C-V1.5,HONDA-THEA-C-V1.5.1,HONDA-THEA-C-V1.5,0,00,12385,50,0,0.0,0,0,0,0,0,0,2022-01-02 16:47:06.240,2022-11-18 12:32:41.977829102,2022-01-02 21:47:22.261,2022-01-02 22:00:10.112
122,1641142263897110048,812cbaab7cbbba29fe1076101f1578da,2022-01-02,10048,1641142263897,20220102,165103,1668775082712219,1,d843407a1a701630bb297c1148229eff,1004820220102165103,1641142263897,60663897,63007497,,,28.03595561811812,-82.44806581809127,27.911165321863468,-82.74879394987903,0.0,23410,0,0,HONDA-THEA-C-V1.5,HONDA-THEA-C-V1.5.2,HONDA-THEA-C-V1.5,0,00,12385,50,0,0.0,0,0,0,0,0,0,2022-01-02 16:51:28.384,2022-11-18 12:38:02.712218994,2022-01-02 21:51:03.897,2022-01-02 22:30:07.497
123,1641143617569110038,b65a41989ecbfe034306f33176809c83,2022-01-02,10038,1641143617569,20220102,171337,1668774974458517,1,0f6b1f657ac30ab76519ed4c677e9909,1003820220102171337,1641143617569,62017569,65081730,,,,,27.9066937424537,-82.23662392696939,,30372,0,0,HONDA-THEA-C-V1.5,HONDA-THEA-C-V1.5.2,HONDA-THEA-C-V1.5,0,00,12385,50,0,0.0,15,0,0,0,0,0,2022-01-02 17:13:19.104,2022-11-18 12:36:14.458517090,2022-01-02 22:13:37.569,2022-01-02 23:04:41.730
124,1641143869501110044,c2ad7c454713efffa33479121483ecd3,2022-01-02,10044,1641143869501,20220102,171749,1668775046743990,1,9c16b0e83f09596202f402261f25c8a9,1004420220102171749,1641143869501,62269501,63415801,,,27.894761689179724,-82.33257883048056,27.922324782238405,-82.33141488326534,0.0,11108,0,0,HONDA-THEA-C-V1.5,HONDA-THEA-C-V1.5.1,HONDA-THEA-C-V1.5,0,00,12385,50,0,0.0,367,0,0,0,0,0,2022-01-02 17:17:41.248,2022-11-18 12:37:26.743989990,2022-01-02 22:17:49.501,2022-01-02 22:36:55.801
125,1641144479595110429,4ea4acd15cd18d400b9720715a058c5a,2022-01-02,10429,1641144479595,20220102,172759,1668774770160545,1,82077c274c8b1917a195adc43f641529,1042920220102172759,1641144479595,62879595,66662193,,,,,27.80780134333313,-82.79413171188166,,37434,0,0,TOYOTA-THEA-C-V1.5,00,TOYOTA-THEA-C-V1.5,0,00,12385,37,0,0.0,0,0,168,0,0,5,2022-01-02 17:28:36.608,2022-11-18 12:32:50.160544922,2022-01-02 22:27:59.595,2022-01-02 23:31:02.193
126,1641144628882110427,1a73436a2b476bf33b885875df534e29,2022-01-02,10427,1641144628882,20220102,173028,1668775058898070,1,4c6515356f214aa275e07ddbbd922a5e,1042720220102173028,1641144628882,63028882,64687741,,,,,28.14496607516788,-82.28380369599734,,16166,0,0,TOYOTA-THEA-C-V1.5,00,TOYOTA-THEA-C-V1.5,0,00,12385,36,0,0.0,0,0,0,0,0,0,2022-01-02 17:30:47.680,2022-11-18 12:37:38.898070068,2022-01-02 22:30:28.882,2022-01-02 22:58:07.741
127,1641145246450110044,3df503b6fe5a46899508d31eda565186,2022-01-02,10044,1641145246450,20220102,174046,1668774986523463,1,9c16b0e83f09596202f402261f25c8a9,1004420220102174046,1641145246450,63646450,63981726,,,,,27.92196004148248,-82.33064933834716,,2879,1,1,HONDA-THEA-C-V1.5,HONDA-THEA-C-V1.5.1,HONDA-THEA-C-V1.5,0,00,12385,50,0,0.0,0,0,0,0,0,0,2022-01-02 17:41:43.040,2022-11-18 12:36:26.523462891,2022-01-02 22:40:46.450,2022-01-02 22:46:21.726
128,1641146511113110044,0ad2e754dc6826467abd912e4d27f4fb,2022-01-02,10044,1641146511113,20220102,180151,1668774765987810,1,9c16b0e83f09596202f402261f25c8a9,1004420220102180151,1641146511113,64911113,65649891,,,,,27.912795883435905,-82.34924988817937,,7207,0,0,HONDA-THEA-C-V1.5,HONDA-THEA-C-V1.5.1,HONDA-THEA-C-V1.5,0,00,12385,50,0,0.0,0,0,0,0,0,0,2022-01-02 18:01:22.688,2022-11-18 12:32:45.987810059,2022-01-02 23:01:51.113,2022-01-02 23:14:09.891
129,1641147030550103067,a2381f02decfe4b6dc494a9d3dedb424,2022-01-02,3067,1641147030550,20220102,181030,1668710914303943,1,fedf67d6f3d7341c1c1e8a54774987d3,306720220102181030,1641147030550,65430550,65713951,,,,,40.24093983238819,-83.39504253511122,,2657,0,51,HONDA-HSC-C-V1.13,HONDA-HSC-C-V1.13r2,HONDA-HSC-C-V1.11r1,0,HONDA-HSC-C-V1.13r2,5038,233,0,130722627.0,0,0,0,0,0,0,2022-01-02 18:10:06.976,2022-11-17 18:48:34.303943115,2022-01-02 23:10:30.550,2022-01-02 23:15:13.951
130,1641147256133110427,55aef76d785c24e4676dfd2595646257,2022-01-02,10427,1641147256133,20220102,181416,1668775530517610,1,4c6515356f214aa275e07ddbbd922a5e,1042720220102181416,1641147256133,65656133,66069633,,,28.14496607516788,-82.28380369599734,28.144372119833484,-82.32009949101092,0.0,3961,0,0,TOYOTA-THEA-C-V1.5,00,TOYOTA-THEA-C-V1.5,0,00,12385,36,0,0.0,0,0,0,0,0,0,2022-01-02 18:14:29.120,2022-11-18 12:45:30.517610107,2022-01-02 23:14:16.133,2022-01-02 23:21:09.633
131,1641147626199110048,8b8bead0cc854cd7cbd2bccb25e20b74,2022-01-02,10048,1641147626199,20220102,182026,1668774771015542,1,d843407a1a701630bb297c1148229eff,1004820220102182026,1641147626199,66026199,67758458,,,,,27.893143921627303,-82.50579862301555,,17181,0,0,HONDA-THEA-C-V1.5,HONDA-THEA-C-V1.5.2,HONDA-THEA-C-V1.5,0,00,12385,51,0,0.0,0,0,0,0,0,0,2022-01-02 18:21:02.336,2022-11-18 12:32:51.015541992,2022-01-02 23:20:26.199,2022-01-02 23:49:18.458
132,1641148279110110032,d00dd451c25677661b65e294f7943aa6,2022-01-02,10032,1641148279110,20220102,183119,1668774805588024,1,c63a5650dcd0bf04b35bd712466010bc,1003220220102183119,1641148279110,66679110,67041974,,,,,27.822900939675183,-82.33545556258109,,3260,0,0,HONDA-THEA-C-V1.5,HONDA-THEA-C-V1.5.2,HONDA-THEA-C-V1.5,0,00,12385,50,0,0.0,0,0,0,0,0,0,2022-01-02 18:31:57.696,2022-11-18 12:33:25.588023926,2022-01-02 23:31:19.110,2022-01-02 23:37:21.974
133,1641148290114110044,190967a9f9184c3c720a73eea6fe0037,2022-01-02,10044,1641148290114,20220102,183130,1668775160181558,1,9c16b0e83f09596202f402261f25c8a9,1004420220102183130,1641148290114,66690114,67681103,,,,,27.8470290844237,-82.30776813626827,,9656,0,0,HONDA-THEA-C-V1.5,HONDA-THEA-C-V1.5.1,HONDA-THEA-C-V1.5,0,00,12385,50,0,0.0,0,0,0,0,0,0,2022-01-02 18:31:57.696,2022-11-18 12:39:20.181558105,2022-01-02 23:31:30.114,2022-01-02 23:48:01.103
134,1641149248161103067,08a37a35cdc1f3b7c148587683c45873,2022-01-02,3067,1641149248161,20220102,184728,1668710920353356,1,fedf67d6f3d7341c1c1e8a54774987d3,306720220102184728,1641149248161,67648161,67660761,,,40.24093983238819,-83.39504253511122,40.24093983238819,-83.39504253511122,,75,0,50,HONDA-HSC-C-V1.13,HONDA-HSC-C-V1.13r2,HONDA-HSC-C-V1.11r1,0,HONDA-HSC-C-V1.13r2,5038,232,0,130722627.0,0,0,0,0,0,0,2022-01-02 18:47:15.200,2022-11-17 18:48:40.353355957,2022-01-02 23:47:28.161,2022-01-02 23:47:40.761
135,1641149307041103067,cf3ae0002a6179edb56a41c6d7434c5f,2022-01-02,3067,1641149307041,20220102,184827,1668710922359607,1,fedf67d6f3d7341c1c1e8a54774987d3,306720220102184827,1641149307041,67707041,67911841,,,40.24093983238819,-83.39504253511122,40.231533296743706,-83.39462059631373,,2000,0,50,HONDA-HSC-C-V1.13,HONDA-HSC-C-V1.13r2,HONDA-HSC-C-V1.11r1,0,HONDA-HSC-C-V1.13r2,5038,232,0,130724626.0,0,0,0,0,0,0,2022-01-02 18:49:26.272,2022-11-17 18:48:42.359606934,2022-01-02 23:48:27.041,2022-01-02 23:51:51.841
136,1641149540663100163,19b5107e216a7aad8c375f8ffa6c6427,2022-01-02,163,1641149540663,20220102,185220,1668709248244521,1,0777d5c17d4066b82ab86dff8a46af6f,16320220102185220,1641149540663,67940663,68162278,,,,,40.06104154837905,-83.04109571576839,,970,0,11,HSC V3.11,00,HSC V3.11,0,00,5110,330,0,0.0,0,0,0,0,0,0,2022-01-02 18:51:37.344,2022-11-17 18:20:48.244520996,2022-01-02 23:52:20.663,2022-01-02 23:56:02.278
137,1641149695153110048,3c60af4e36f66d16581d103159202633,2022-01-02,10048,1641149695153,20220102,185455,1668774827877892,1,d843407a1a701630bb297c1148229eff,1004820220102185455,1641149695153,68095153,68431105,,,,,27.907775476471752,-82.51156809969916,,3275,0,0,HONDA-THEA-C-V1.5,HONDA-THEA-C-V1.5.2,HONDA-THEA-C-V1.5,0,00,12385,50,0,0.0,0,0,0,0,0,0,2022-01-02 18:55:59.488,2022-11-18 12:33:47.877892090,2022-01-02 23:54:55.153,2022-01-03 00:00:31.105
138,1641149722506100084,ab7974d78a638b4b8af1a10a23eea937,2022-01-02,84,1641149722506,20220102,185522,1668774920166657,1,68d30a9594728bc39aa24be94b319d21,8420220102185522,1641149722506,68122506,68546442,,,40.03346772206821,-83.13279861563647,40.06297946135933,-83.15372907775668,,4201,0,5,HSC V3.11,00,HSC V3.11,0,00,5110,331,0,66027812.0,0,0,0,0,0,0,2022-01-02 18:55:59.488,2022-11-18 12:35:20.166656982,2022-01-02 23:55:22.506,2022-01-03 00:02:26.442
139,1641150192181110054,a644a6bf80d6fc61fda1d36f68e39f23,2022-01-02,10054,1641150192181,20220102,190312,1668775017686934,1,bef4d169d8bddd17d68303877a3ea945,1005420220102190312,1641150192181,68592181,68886964,,,,,27.895223315477143,-82.24868973118564,,2078,0,0,HONDA-THEA-C-V1.5,HONDA-THEA-C-V1.5.1,HONDA-THEA-C-V1.5,0,00,12385,50,0,0.0,0,0,0,0,0,0,2022-01-02 19:02:32.704,2022-11-18 12:36:57.686934082,2022-01-03 00:03:12.181,2022-01-03 00:08:06.964
140,1641150422394100163,fecc14acbe432de9c00bfc7e0f1897a3,2022-01-02,163,1641150422394,20220102,190702,1668708382113242,1,0777d5c17d4066b82ab86dff8a46af6f,16320220102190702,1641150422394,68822394,69453042,,,40.06103854837905,-83.04106654910133,40.090844292032266,-83.09017412462484,,6306,0,11,HSC V3.11,00,HSC V3.11,0,00,5110,330,0,0.0,10,0,0,0,0,0,2022-01-02 19:06:54.848,2022-11-17 18:06:22.113241943,2022-01-03 00:07:02.394,2022-01-03 00:17:33.042
141,1641151235620110422,a9570de1e1cb02614a696dac824cb471,2022-01-02,10422,1641151235620,20220102,192035,1668775091133782,1,67388f1834f7d6243b753ec33584a8df,1042220220102192035,1641151235620,69635620,69778220,,,27.949365553695127,-82.50826194795596,27.949365553695127,-82.50826194795596,0.0,1343,0,0,TOYOTA-THEA-C-V1.5,00,TOYOTA-THEA-C-V1.5,0,00,12385,37,0,0.0,0,0,0,0,0,0,2022-01-02 19:20:01.280,2022-11-18 12:38:11.133781982,2022-01-03 00:20:35.620,2022-01-03 00:22:58.220
142,1641151556140110422,6fb03d92afb80f8473f923a25edfae61,2022-01-02,10422,1641151556140,20220102,192556,1668774742133220,1,67388f1834f7d6243b753ec33584a8df,1042220220102192556,1641151556140,69956140,70718840,,,27.949365553695127,-82.50826194795596,29.147026980233807,-82.16737254955967,0.0,7446,0,0,TOYOTA-THEA-C-V1.5,00,TOYOTA-THEA-C-V1.5,0,00,12385,37,0,0.0,0,0,0,0,0,0,2022-01-02 19:26:34.496,2022-11-18 12:32:22.133219971,2022-01-03 00:25:56.140,2022-01-03 00:38:38.840
143,1641151611176110009,ec4858d0b5011d6f661077e2103147cb,2022-01-02,10009,1641151611176,20220102,192651,1668775014504138,1,483d8df877b31405c1e8fe4247f02d86,1000920220102192651,1641151611176,70011176,71135040,,,,,27.714086161614023,-82.33332680275473,,10979,0,0,HONDA-THEA-C-V1.5,HONDA-THEA-C-V1.5.2,HONDA-THEA-C-V1.5,0,00,12385,51,0,0.0,0,0,0,0,0,0,2022-01-02 19:26:34.496,2022-11-18 12:36:54.504137939,2022-01-03 00:26:51.176,2022-01-03 00:45:35.040
144,1641152253656100163,398cfbb5955a0766dfe22e86b1f71c30,2022-01-02,163,1641152253656,20220102,193733,1668708385120199,1,0777d5c17d4066b82ab86dff8a46af6f,16320220102193733,1641152253656,70653656,70833169,,,40.090844292032266,-83.09017412462484,40.0924163988983,-83.08671771364898,,1794,0,11,HSC V3.11,00,HSC V3.11,0,00,5110,330,0,0.0,0,0,0,0,0,0,2022-01-02 19:37:29.856,2022-11-17 18:06:25.120198975,2022-01-03 00:37:33.656,2022-01-03 00:40:33.169
145,1641152485237110413,ba7d8fc2eeddad15cdafb55c0be7c32c,2022-01-02,10413,1641152485237,20220102,194125,1668775088745939,1,ff12592a08c792faa97fd3d2dc40f1cd,1041320220102194125,1641152485237,70885237,72070504,,,,,27.892479752393704,-82.3202708198114,,11640,0,0,TOYOTA-THEA-C-V1.5,00,TOYOTA-THEA-C-V1.5,0,00,12385,36,0,0.0,7483,0,166,0,0,1,2022-01-02 19:41:52.000,2022-11-18 12:38:08.745938965,2022-01-03 00:41:25.237,2022-01-03 01:01:10.504
146,1641152845679100163,8b28fba1ed99c9537d14be6c717a5dfd,2022-01-02,163,1641152845679,20220102,194725,1668709905573931,1,0777d5c17d4066b82ab86dff8a46af6f,16320220102194725,1641152845679,71245679,71654311,,,40.092470720840666,-83.08658549472804,40.07538111727769,-83.04102488255417,,4085,0,11,HSC V3.11,00,HSC V3.11,0,00,5110,330,0,0.0,0,0,0,0,0,0,2022-01-02 19:48:25.216,2022-11-17 18:31:45.573930908,2022-01-03 00:47:25.679,2022-01-03 00:54:14.311
147,1641152870948110054,e8c446704b8f66d95b5c153dff4b55cb,2022-01-02,10054,1641152870948,20220102,194750,1668775193362565,1,bef4d169d8bddd17d68303877a3ea945,1005420220102194750,1641152870948,71270948,71544748,,,27.895278975043023,-82.2487231206744,27.88371627749225,-82.23857327602401,0.0,2694,0,0,HONDA-THEA-C-V1.5,HONDA-THEA-C-V1.5.1,HONDA-THEA-C-V1.5,0,00,12385,50,0,0.0,0,0,0,0,0,0,2022-01-02 19:48:25.216,2022-11-18 12:39:53.362564941,2022-01-03 00:47:50.948,2022-01-03 00:52:24.748
148,1641152914346110422,a10206b5df64733c1587ce6aedd094ac,2022-01-02,10422,1641152914346,20220102,194834,1668775098196053,1,67388f1834f7d6243b753ec33584a8df,1042220220102194834,1641152914346,71314346,72159848,,,27.949365553695127,-82.50826194795596,29.15293350223733,-82.21575732809151,0.0,8309,0,0,TOYOTA-THEA-C-V1.5,00,TOYOTA-THEA-C-V1.5,0,00,12385,36,0,0.0,0,0,0,0,0,0,2022-01-02 19:48:25.216,2022-11-18 12:38:18.196052979,2022-01-03 00:48:34.346,2022-01-03 01:02:39.848
149,1641153546687100132,2dead58c4f33f8730c855d79976f1b09,2022-01-02,132,1641153546687,20220102,195906,1668708650609653,1,65ded5353c5ee48d0b7d48c591b8f430,13220220102195906,1641153546687,71946687,72181948,,,,,40.05175055280704,-83.01937849829905,,1212,0,11,HSC V3.11,00,HSC V3.11,0,00,5110,335,0,0.0,0,0,0,0,0,0,2022-01-02 19:59:20.576,2022-11-17 18:10:50.609653076,2022-01-03 00:59:06.687,2022-01-03 01:03:01.948
150,1641154135114110005,515f4514716bc7a23e594485d4631b70,2022-01-02,10005,1641154135114,20220102,200855,1668774778059304,1,6eb887126d24e8f1cd8ad5033482c781,1000520220102200855,1641154135114,72535114,73781972,,,,,27.869996133590003,-82.64489468191883,,12381,0,50,HONDA-THEA-C-V1.5,HONDA-THEA-C-V1.5.2,HONDA-THEA-C-V1.5,0,00,12385,50,0,78467778.0,22,0,0,0,0,0,2022-01-02 20:08:04.864,2022-11-18 12:32:58.059303955,2022-01-03 01:08:55.114,2022-01-03 01:29:41.972
151,1641154300819110413,6680e1eb1852bcb5fc9b631cdeac8cf2,2022-01-02,10413,1641154300819,20220102,201140,1668775091767529,1,ff12592a08c792faa97fd3d2dc40f1cd,1041320220102201140,1641154300819,72700819,72764281,,,,,,,,1,1,1,TOYOTA-THEA-C-V1.5,00,TOYOTA-THEA-C-V1.5,0,00,12385,36,0,,0,0,0,0,0,255,2022-01-02 20:12:27.008,2022-11-18 12:38:11.767529053,2022-01-03 01:11:40.819,2022-01-03 01:12:44.281
152,1641154954909100142,45a25c6dbc60de5e9465f178ef0d7d20,2022-01-02,142,1641154954909,20220102,202234,1668774732821671,1,a8baa56554f96369ab93e4f3bb068c22,14220220102202234,1641154954909,73354909,74403650,,,,,40.23060704444692,-83.33938906192375,,10226,0,27,HSC V3.11,00,HSC V3.11,0,00,5110,333,0,,0,0,0,0,0,0,2022-01-02 20:23:22.368,2022-11-18 12:32:12.821670898,2022-01-03 01:22:34.909,2022-01-03 01:40:03.650
153,1641155002948110413,aed01b9315c8f2af57feee6edc6dcbb4,2022-01-02,10413,1641155002948,20220102,202322,1668774838923366,1,ff12592a08c792faa97fd3d2dc40f1cd,1041320220102202322,1641155002948,73402948,73874423,,,,,27.884809240285787,-82.33515453833184,,4486,0,0,TOYOTA-THEA-C-V1.5,00,TOYOTA-THEA-C-V1.5,0,00,12385,36,0,0.0,0,0,0,0,0,0,2022-01-02 20:23:22.368,2022-11-18 12:33:58.923365967,2022-01-03 01:23:22.948,2022-01-03 01:31:14.423
154,1641155531201110009,7987771e360baac0aa4316e933d1d383,2022-01-02,10009,1641155531201,20220102,203211,1668775015506869,1,483d8df877b31405c1e8fe4247f02d86,1000920220102203211,1641155531201,73931201,73944001,,,,,,,,0,0,0,HONDA-THEA-C-V1.5,HONDA-THEA-C-V1.5.2,HONDA-THEA-C-V1.5,0,00,12385,50,0,,0,0,0,0,0,255,2022-01-02 20:32:06.656,2022-11-18 12:36:55.506868896,2022-01-03 01:32:11.201,2022-01-03 01:32:24.001
155,1641155574137110009,ec8e8afe3d4bb006a0de09b8d5eecc04,2022-01-02,10009,1641155574137,20220102,203254,1668774730796760,1,483d8df877b31405c1e8fe4247f02d86,1000920220102203254,1641155574137,73974137,74570336,,,27.714083816350094,-82.33311361120589,27.72740745581716,-82.40053286923583,0.0,5936,0,0,HONDA-THEA-C-V1.5,HONDA-THEA-C-V1.5.2,HONDA-THEA-C-V1.5,0,00,12385,50,0,0.0,0,0,0,0,0,0,2022-01-02 20:32:06.656,2022-11-18 12:32:10.796760010,2022-01-03 01:32:54.137,2022-01-03 01:42:50.336
156,1641156415041110420,ccb6a293be08468a7db26b02698a3867,2022-01-02,10420,1641156415041,20220102,204655,1668775027713969,1,ca751e6ab38280edada823df9cb45a93,1042020220102204655,1641156415041,74815041,74910405,,,,,27.937261372269667,-82.2692694879405,,712,0,0,TOYOTA-THEA-C-V1.5,00,TOYOTA-THEA-C-V1.5,0,00,12385,36,0,0.0,0,0,0,0,0,0,2022-01-02 20:47:24.160,2022-11-18 12:37:07.713968994,2022-01-03 01:46:55.041,2022-01-03 01:48:30.405
157,1641156600928110420,a815635cd30b92c81c2b78c303f7b8b5,2022-01-02,10420,1641156600928,20220102,205000,1668775033730543,1,ca751e6ab38280edada823df9cb45a93,1042020220102205000,1641156600928,75000928,75098428,,,27.93976334705919,-82.2653033459389,27.933309564823265,-82.26788895212741,0.0,975,0,0,TOYOTA-THEA-C-V1.5,00,TOYOTA-THEA-C-V1.5,0,00,12385,36,0,0.0,0,0,0,0,0,0,2022-01-02 20:49:35.232,2022-11-18 12:37:13.730542969,2022-01-03 01:50:00.928,2022-01-03 01:51:38.428
158,1641156657196110009,624e79d4b501c2ede1257514717636c7,2022-01-02,10009,1641156657196,20220102,205057,1668775024546973,1,483d8df877b31405c1e8fe4247f02d86,1000920220102205057,1641156657196,75057196,76992464,,,,,27.88008747186985,-82.48986186478582,,19138,1,1,HONDA-THEA-C-V1.5,HONDA-THEA-C-V1.5.2,HONDA-THEA-C-V1.5,0,00,12385,50,0,0.0,123,0,154,0,0,5,2022-01-02 20:51:46.304,2022-11-18 12:37:04.546972900,2022-01-03 01:50:57.196,2022-01-03 02:23:12.464
159,1641156717120110038,01231f170ab78ee6a4ba3711b1fe6c80,2022-01-02,10038,1641156717120,20220102,205157,1668774737860540,1,0f6b1f657ac30ab76519ed4c677e9909,1003820220102205157,1641156717120,75117120,76431548,,,,,27.85402864756385,-82.30473139342956,,12735,1,1,HONDA-THEA-C-V1.5,HONDA-THEA-C-V1.5.2,HONDA-THEA-C-V1.5,0,00,12385,51,0,0.0,540,0,0,0,0,0,2022-01-02 20:51:46.304,2022-11-18 12:32:17.860540039,2022-01-03 01:51:57.120,2022-01-03 02:13:51.548
160,1641158648122110038,fae82e626c72408dd5f91255a882940d,2022-01-02,10038,1641158648122,20220102,212408,1668774979490837,1,0f6b1f657ac30ab76519ed4c677e9909,1003820220102212408,1641158648122,77048122,77761192,,,,,27.87741135607117,-82.33931919078067,,6901,0,0,HONDA-THEA-C-V1.5,HONDA-THEA-C-V1.5.2,HONDA-THEA-C-V1.5,0,00,12385,50,0,0.0,0,0,0,0,0,0,2022-01-02 21:24:32.384,2022-11-18 12:36:19.490836914,2022-01-03 02:24:08.122,2022-01-03 02:36:01.192
161,1641158847675110429,9b9f7b2696066e49933f2b27cd05e4f4,2022-01-02,10429,1641158847675,20220102,212727,1668775105852076,1,82077c274c8b1917a195adc43f641529,1042920220102212727,1641158847675,77247675,77557536,,,,,27.90399728555399,-82.3585491786332,,2907,0,0,TOYOTA-THEA-C-V1.5,00,TOYOTA-THEA-C-V1.5,0,00,12385,37,0,0.0,80,0,0,0,0,0,2022-01-02 21:26:43.456,2022-11-18 12:38:25.852075928,2022-01-03 02:27:27.675,2022-01-03 02:32:37.536
162,1641158891005110424,7e37bcc7c05aad34c5a293f8f4ff897c,2022-01-02,10424,1641158891005,20220102,212811,1668774751194464,1,27059a11c58ade9b03bde05c2ca7c285,1042420220102212811,1641158891005,77291005,79428236,,,,,27.92215156874224,-82.33148549134849,,21030,0,0,TOYOTA-THEA-C-V1.5,00,TOYOTA-THEA-C-V1.5,0,00,12385,36,0,0.0,45,0,0,0,0,0,2022-01-02 21:28:54.528,2022-11-18 12:32:31.194464111,2022-01-03 02:28:11.005,2022-01-03 03:03:48.236
163,1641159138064110426,548cd774f069ae623ef98cf08f03609b,2022-01-02,10426,1641159138064,20220102,213218,1668775161587595,1,8553adf92deaf5279bcc6f9813c8fdcc,1042620220102213218,1641159138064,77538064,78080663,,,,,27.88401147687382,-82.340525099453,,4696,0,0,TOYOTA-THEA-C-V1.5,00,TOYOTA-THEA-C-V1.5,0,00,12385,36,0,0.0,794,0,0,0,0,0,2022-01-02 21:33:16.672,2022-11-18 12:39:21.587594971,2022-01-03 02:32:18.064,2022-01-03 02:41:20.663
164,1641159475025110429,0567afb7d9063f39a506d4bc18dce435,2022-01-02,10429,1641159475025,20220102,213755,1668775169632372,1,82077c274c8b1917a195adc43f641529,1042920220102213755,1641159475025,77875025,78843581,,,,,27.837578673039246,-82.28775374613905,,9178,0,0,TOYOTA-THEA-C-V1.5,00,TOYOTA-THEA-C-V1.5,0,00,12385,36,0,0.0,0,0,0,0,0,0,2022-01-02 21:37:38.816,2022-11-18 12:39:29.632372070,2022-01-03 02:37:55.025,2022-01-03 02:54:03.581
165,1641161126206110009,0de0bf9982f0734d79de520784c1dc5d,2022-01-02,10009,1641161126206,20220102,220526,1668775116936300,1,483d8df877b31405c1e8fe4247f02d86,1000920220102220526,1641161126206,79526206,80288981,,,,,27.935045119248656,-82.47651691718703,,7553,0,0,HONDA-THEA-C-V1.5,HONDA-THEA-C-V1.5.2,HONDA-THEA-C-V1.5,0,00,12385,50,0,0.0,0,0,0,0,0,0,2022-01-02 22:06:02.752,2022-11-18 12:38:36.936300049,2022-01-03 03:05:26.206,2022-01-03 03:18:08.981
166,1641161644240110420,19875e5e69e0cefd9683bd542a6abe81,2022-01-02,10420,1641161644240,20220102,221404,1668775254371933,1,ca751e6ab38280edada823df9cb45a93,1042020220102221404,1641161644240,80044240,82410140,,,27.93976334705919,-82.2653033459389,27.726726960043727,-82.38827302810171,0.0,23508,0,0,TOYOTA-THEA-C-V1.5,00,TOYOTA-THEA-C-V1.5,0,00,12385,36,0,0.0,328,0,0,0,0,0,2022-01-02 22:14:47.040,2022-11-18 12:40:54.371933105,2022-01-03 03:14:04.240,2022-01-03 03:53:30.140
167,1641162177980100084,adc78ba0a4a31154755c4ed492001116,2022-01-02,84,1641162177980,20220102,222258,1668774925183282,1,68d30a9594728bc39aa24be94b319d21,8420220102222258,1641162177980,80577980,80681439,,,,,40.06517560307842,-83.15017604024658,,795,0,5,HSC V3.11,00,HSC V3.11,0,00,5110,331,0,66027812.0,0,0,0,0,0,0,2022-01-02 22:23:31.328,2022-11-18 12:35:25.183281982,2022-01-03 03:22:57.980,2022-01-03 03:24:41.439
168,1641162490464103093,bb67712716aa32660af40ae434b30676,2022-01-02,3093,1641162490464,20220102,222810,1668774719657548,1,8004d637b6236202217be3dfcdd8ce59,309320220102222810,1641162490464,80890464,81605766,,,39.98903693637999,-83.15370806435703,40.014948231061005,-83.15496182249854,,7108,0,50,HONDA-HSC-C-V1.13,HONDA-HSC-C-V1.13r2,HONDA-HSC-C-V1.11r1,0,HONDA-HSC-C-V1.13r2,5038,237,0,61852826.0,0,0,0,0,0,0,2022-01-02 22:27:53.472,2022-11-18 12:31:59.657548096,2022-01-03 03:28:10.464,2022-01-03 03:40:05.766
169,1641163478494100084,9944dbdd550fe605bea01415cf4a89a6,2022-01-02,84,1641163478494,20220102,224438,1668774768320477,1,68d30a9594728bc39aa24be94b319d21,8420220102224438,1641163478494,81878494,82018502,,,40.06517560307842,-83.15017604024658,40.063007254547614,-83.15370664976064,,1364,0,5,HSC V3.11,00,HSC V3.11,0,00,5110,331,0,66028812.0,0,0,0,0,0,0,2022-01-02 22:45:22.048,2022-11-18 12:32:48.320477051,2022-01-03 03:44:38.494,2022-01-03 03:46:58.502
170,1641164363033110423,abeac2bace6d95f60c3ecdbf4a188fe9,2022-01-02,10423,1641164363033,20220102,225923,1668775249647890,1,99e314b1b43706773153e7ef375fc68c,1042320220102225923,1641164363033,82763033,83218273,,,,,35.1812984578376,-80.95354380425009,,3994,0,0,TOYOTA-THEA-C-V1.5,00,TOYOTA-THEA-C-V1.5,0,00,12385,37,0,0.0,0,0,0,0,0,0,2022-01-02 22:58:28.480,2022-11-18 12:40:49.647889893,2022-01-03 03:59:23.033,2022-01-03 04:06:58.273
171,1641164740219110014,897cb95465e3e53e7de86b752acf01ea,2022-01-02,10014,1641164740219,20220102,230540,1668775083163669,1,7b9d31aa17b849b238ab79cef0733041,1001420220102230540,1641164740219,83140219,83735138,,,,,27.933373660607685,-82.29569673939993,,5431,0,0,HONDA-THEA-C-V1.5,HONDA-THEA-C-V1.5.1,HONDA-THEA-C-V1.5,0,00,12385,50,0,0.0,0,0,0,0,0,0,2022-01-02 23:05:01.696,2022-11-18 12:38:03.163668945,2022-01-03 04:05:40.219,2022-01-03 04:15:35.138
172,1641165213502103045,39ea1823cc9c6025725f0f159b41a60a,2022-01-02,3045,1641165213502,20220102,231333,1668775024253776,1,0ebf197205c00fc6e0aac7261a8c1bdc,304520220102231333,1641165213502,83613502,83710608,,,40.30858127376027,-83.10698634045856,40.30858127376027,-83.10698634045856,,0,0,254,HONDA-HSC-C-V1.13,HONDA-HSC-C-V1.13r2,HONDA-HSC-C-V1.11r1,0,HONDA-HSC-C-V1.13r2,5038,252,0,,0,0,0,0,0,255,2022-01-02 23:13:45.984,2022-11-18 12:37:04.253775879,2022-01-03 04:13:33.502,2022-01-03 04:15:10.608
173,1641165899869110422,93d5bb1bc0ab3d23d63957b7178cfe92,2022-01-02,10422,1641165899869,20220102,232459,1668774803272406,1,67388f1834f7d6243b753ec33584a8df,1042220220102232459,1641165899869,84299869,26657,,,,,28.874214608547117,-82.09522032668399,,20791,0,0,TOYOTA-THEA-C-V1.5,00,TOYOTA-THEA-C-V1.5,0,00,12385,36,0,0.0,0,0,0,0,0,0,2022-01-02 23:24:41.344,2022-11-18 12:33:23.272406006,2022-01-03 04:24:59.869,2022-01-03 05:00:26.657
174,1641166014025110038,3f3826cf5ce050eab1336e49137d3759,2022-01-02,10038,1641166014025,20220102,232654,1668774980493011,1,0f6b1f657ac30ab76519ed4c677e9909,1003820220102232654,1641166014025,84414025,85572883,,,,,27.89432202275963,-82.24384850908264,,11440,0,0,HONDA-THEA-C-V1.5,HONDA-THEA-C-V1.5.2,HONDA-THEA-C-V1.5,0,00,12385,50,0,0.0,0,0,0,0,0,0,2022-01-02 23:26:52.416,2022-11-18 12:36:20.493010986,2022-01-03 04:26:54.025,2022-01-03 04:46:12.883
175,1641166952644103115,2af9c6323c31f76cf9369d3c480fa8d5,2022-01-02,3115,1641166952644,20220102,234232,1668774998379807,1,366f0bc7bd1d4bf414073cabbadfdfcd,311520220102234232,1641166952644,85352644,85431183,,,,,40.09808315895212,-82.90739206957451,,796,0,50,HONDA-HSC-C-V1.13,HONDA-HSC-C-V1.13r2,HONDA-HSC-C-V1.11r1,0,HONDA-HSC-C-V1.13r2,5038,260,0,216738392.0,0,0,0,0,0,0,2022-01-02 23:42:09.920,2022-11-18 12:36:38.379806885,2022-01-03 04:42:32.644,2022-01-03 04:43:51.183
176,1641167022228110059,fcd99f1cfab71966b9060ced1cc464cb,2022-01-02,10059,1641167022228,20220102,234342,1668774750019991,1,e7ba053d8ba932b77348b3987ea0e40b,1005920220102234342,1641167022228,85422228,85524354,,,,,27.84056810855968,-82.20574187121608,,298,0,0,HONDA-THEA-C-V1.5,HONDA-THEA-C-V1.5.1,HONDA-THEA-C-V1.5,0,00,12385,50,0,0.0,0,0,0,0,0,0,2022-01-02 23:44:20.992,2022-11-18 12:32:30.019990967,2022-01-03 04:43:42.228,2022-01-03 04:45:24.354
177,1641167365900110059,bc18b6fab3a8855886d6ac93d87615cf,2022-01-02,10059,1641167365900,20220102,234925,1668775198395265,1,e7ba053d8ba932b77348b3987ea0e40b,1005920220102234925,1641167365900,85765900,271200,,,27.84056810855968,-82.20574187121608,27.840597388737176,-82.20573565022346,0.0,8975,0,0,HONDA-THEA-C-V1.5,HONDA-THEA-C-V1.5.1,HONDA-THEA-C-V1.5,0,00,12385,50,0,0.0,0,0,0,0,0,0,2022-01-02 23:48:43.136,2022-11-18 12:39:58.395264893,2022-01-03 04:49:25.900,2022-01-03 05:04:31.200
178,1641167386295110038,629726fbf3cf03a36d6751942a33548d,2022-01-02,10038,1641167386295,20220102,234946,1668775154146993,1,0f6b1f657ac30ab76519ed4c677e9909,1003820220102234946,1641167386295,85786295,86107695,,,27.894674615353622,-82.2440832840017,27.90670699655122,-82.2366113762653,0.0,3164,0,0,HONDA-THEA-C-V1.5,HONDA-THEA-C-V1.5.2,HONDA-THEA-C-V1.5,0,00,12385,50,0,0.0,0,0,0,0,0,0,2022-01-02 23:48:43.136,2022-11-18 12:39:14.146992920,2022-01-03 04:49:46.295,2022-01-03 04:55:07.695
179,1641168146353110423,bf82b79b9c07669ba99533d923ce5465,2022-01-03,10423,1641168146353,20220103,226,1668774855992434,1,99e314b1b43706773153e7ef375fc68c,1042320220103226,1641168146353,146353,884652,,,35.1812984578376,-80.95354380425009,35.172192789925695,-80.95984032767437,0.0,6102,0,0,TOYOTA-THEA-C-V1.5,00,TOYOTA-THEA-C-V1.5,0,00,12385,36,0,0.0,0,0,0,0,0,0,2022-01-03 00:01:49.568,2022-11-18 12:34:15.992434082,2022-01-03 05:02:26.353,2022-01-03 05:14:44.652
180,1641168226569110422,43cfb2539a01e3343fc61f4d091eb99a,2022-01-03,10422,1641168226569,20220103,346,1668775267446485,1,67388f1834f7d6243b753ec33584a8df,1042220220103346,1641168226569,226569,3182769,,,,,28.16996895479296,-82.38071403661311,,29307,0,0,TOYOTA-THEA-C-V1.5,00,TOYOTA-THEA-C-V1.5,0,00,12385,36,0,0.0,0,0,0,0,0,0,2022-01-03 00:04:00.640,2022-11-18 12:41:07.446485107,2022-01-03 05:03:46.569,2022-01-03 05:53:02.769
181,1641168323187110009,1b020fc3a3bb9a5fa3db7db85272c6a4,2022-01-03,10009,1641168323187,20220103,523,1668774782077028,1,483d8df877b31405c1e8fe4247f02d86,1000920220103523,1641168323187,323187,1069580,,,,,27.880089286528108,-82.48986494909109,,5815,1,1,HONDA-THEA-C-V1.5,HONDA-THEA-C-V1.5.2,HONDA-THEA-C-V1.5,0,00,12385,50,0,0.0,0,0,0,0,0,0,2022-01-03 00:06:11.712,2022-11-18 12:33:02.077028076,2022-01-03 05:05:23.187,2022-01-03 05:17:49.580
182,1641168474933110429,ab5b890f0bcfc2fdf10a0c76f080f694,2022-01-03,10429,1641168474933,20220103,754,1668775172650871,1,82077c274c8b1917a195adc43f641529,1042920220103754,1641168474933,474933,749309,,,,,27.85241733152386,-82.30372728413876,,1758,0,0,TOYOTA-THEA-C-V1.5,00,TOYOTA-THEA-C-V1.5,0,00,12385,36,0,0.0,0,0,0,0,0,0,2022-01-03 00:08:22.784,2022-11-18 12:39:32.650871094,2022-01-03 05:07:54.933,2022-01-03 05:12:29.309
183,1641168575074110010,46ab41623ae3b69cb4248da01a2f0388,2022-01-03,10010,1641168575074,20220103,935,1668775152655515,1,a17479231dc298309a3fda7d7d00111a,1001020220103935,1641168575074,575074,1028137,,,,,28.02316949927011,-82.50598111649637,,4363,0,0,HONDA-THEA-C-V1.5,HONDA-THEA-C-V1.5.2,HONDA-THEA-C-V1.5,0,00,12385,50,0,0.0,0,0,0,0,0,0,2022-01-03 00:10:33.856,2022-11-18 12:39:12.655514893,2022-01-03 05:09:35.074,2022-01-03 05:17:08.137
184,1641168976511110423,577235da6f668c758082c9887ad57578,2022-01-03,10423,1641168976511,20220103,1616,1668774857999613,1,99e314b1b43706773153e7ef375fc68c,10423202201031616,1641168976511,976511,8018312,,,35.1812984578376,-80.95354380425009,35.54769230253001,-82.47940534424848,0.0,69793,0,0,TOYOTA-THEA-C-V1.5,00,TOYOTA-THEA-C-V1.5,0,00,12385,36,0,0.0,0,0,0,0,0,0,2022-01-03 00:17:07.072,2022-11-18 12:34:17.999613037,2022-01-03 05:16:16.511,2022-01-03 07:13:38.312
185,1641169100974110429,2c0f551efee07fc474622e98cdca9eab,2022-01-03,10429,1641169100974,20220103,1820,1668775274798213,1,82077c274c8b1917a195adc43f641529,10429202201031820,1641169100974,1100974,1471674,,,27.85241733152386,-82.30372728413876,27.872460491231077,-82.3263082369862,0.0,3557,0,0,TOYOTA-THEA-C-V1.5,00,TOYOTA-THEA-C-V1.5,0,00,12385,36,0,0.0,0,0,0,0,0,0,2022-01-03 00:19:18.144,2022-11-18 12:41:14.798212891,2022-01-03 05:18:20.974,2022-01-03 05:24:31.674
186,1641170188815110010,9894d3bd82113ad6a04862df11b781ca,2022-01-03,10010,1641170188815,20220103,3628,1668774964066615,1,a17479231dc298309a3fda7d7d00111a,10010202201033628,1641170188815,2188815,3015321,,,28.042328686893832,-82.51422249470421,28.01382129286116,-82.52215123248996,0.0,8234,0,0,HONDA-THEA-C-V1.5,HONDA-THEA-C-V1.5.2,HONDA-THEA-C-V1.5,0,00,12385,50,0,0.0,0,0,0,0,0,0,2022-01-03 00:36:46.720,2022-11-18 12:36:04.066614990,2022-01-03 05:36:28.815,2022-01-03 05:50:15.321
187,1641177216139110422,48d585b342c8efd04a3a1e7ca3a03740,2022-01-03,10422,1641177216139,20220103,23336,1668775270455565,1,67388f1834f7d6243b753ec33584a8df,104222022010323336,1641177216139,9216139,10942139,,,28.874214608547117,-82.09522032668399,27.949361141618706,-82.50824563314156,0.0,17045,0,0,TOYOTA-THEA-C-V1.5,00,TOYOTA-THEA-C-V1.5,0,00,12385,36,0,0.0,0,0,0,0,0,0,2022-01-03 02:32:33.536,2022-11-18 12:41:10.455564941,2022-01-03 07:33:36.139,2022-01-03 08:02:22.139
188,1641181658931110420,3372de0a7677a1f6d030ae213e2ee372,2022-01-03,10420,1641181658931,20220103,34738,1668775258387636,1,ca751e6ab38280edada823df9cb45a93,104202022010334738,1641181658931,13658931,13700409,,,,,27.726726960043727,-82.38827302810171,,258,0,0,TOYOTA-THEA-C-V1.5,00,TOYOTA-THEA-C-V1.5,0,00,12385,36,0,0.0,0,0,0,0,0,0,2022-01-03 03:46:49.984,2022-11-18 12:40:58.387635986,2022-01-03 08:47:38.931,2022-01-03 08:48:20.409
189,1641202025998110420,796789f671d99ab702c1f5b8246ec18e,2022-01-03,10420,1641202025998,20220103,92706,1668774840932471,1,ca751e6ab38280edada823df9cb45a93,104202022010392706,1641202025998,34025998,35655178,,,,,27.93330159960325,-82.26799207080046,,16091,0,0,TOYOTA-THEA-C-V1.5,00,TOYOTA-THEA-C-V1.5,0,00,12385,36,0,0.0,0,0,0,0,0,0,2022-01-03 09:27:37.216,2022-11-18 12:34:00.932470947,2022-01-03 14:27:05.998,2022-01-03 14:54:15.178
190,1641204795988100089,a1df0fc8b11a66193cbcc1c1e59bdc97,2022-01-03,89,1641204795988,20220103,101316,1668709201018799,1,7647966b7343c29048673252e490f736,8920220103101316,1641204795988,36795988,37382381,,,,,40.04138126079493,-83.01084646241242,,5690,0,3,HSC V3.11,00,HSC V3.11,0,00,5110,333,0,41174882.0,0,0,0,0,0,0,2022-01-03 10:13:29.728,2022-11-17 18:20:01.018799072,2022-01-03 15:13:15.988,2022-01-03 15:23:02.381
191,1641207543478110420,e01ae41737f8be66c22b015ce5387531,2022-01-03,10420,1641207543478,20220103,105903,1668774842938755,1,ca751e6ab38280edada823df9cb45a93,1042020220103105903,1641207543478,39543478,39561179,,,27.726726960043727,-82.38827302810171,27.933355259982037,-82.26791535052355,0.0,176,0,0,TOYOTA-THEA-C-V1.5,00,TOYOTA-THEA-C-V1.5,0,00,12385,36,0,0.0,0,0,0,0,0,0,2022-01-03 10:59:22.240,2022-11-18 12:34:02.938754883,2022-01-03 15:59:03.478,2022-01-03 15:59:21.179
192,1641207610168110038,f3fe33043be3eccf79b0f34aa695880f,2022-01-03,10038,1641207610168,20220103,110010,1668775174845275,1,0f6b1f657ac30ab76519ed4c677e9909,1003820220103110010,1641207610168,39610168,42440237,,,,,27.87743739624633,-82.52179475733843,,27285,0,0,HONDA-THEA-C-V1.5,HONDA-THEA-C-V1.5.2,HONDA-THEA-C-V1.5,0,00,12385,50,0,0.0,25,0,0,0,0,0,2022-01-03 10:59:22.240,2022-11-18 12:39:34.845274902,2022-01-03 16:00:10.168,2022-01-03 16:47:20.237
193,1641208761159110424,e7bcdcae93c34cda14b0e2a7c1ca75ba,2022-01-03,10424,1641208761159,20220103,111921,1668775258713468,1,27059a11c58ade9b03bde05c2ca7c285,1042420220103111921,1641208761159,40761159,41715127,,,,,27.936589296041284,-82.2550219342788,,8988,0,0,TOYOTA-THEA-C-V1.5,00,TOYOTA-THEA-C-V1.5,0,00,12385,36,0,0.0,0,0,0,0,0,0,2022-01-03 11:19:01.888,2022-11-18 12:40:58.713468018,2022-01-03 16:19:21.159,2022-01-03 16:35:15.127
194,1641209850143110059,2c2f6b238cfc653363a4800d679a257c,2022-01-03,10059,1641209850143,20220103,113730,1668774831685106,1,e7ba053d8ba932b77348b3987ea0e40b,1005920220103113730,1641209850143,41850143,42999135,,,,,27.940576337081065,-82.26409354772188,,9914,1,1,HONDA-THEA-C-V1.5,HONDA-THEA-C-V1.5.1,HONDA-THEA-C-V1.5,0,00,12385,50,0,0.0,0,0,0,0,0,0,2022-01-03 11:36:30.464,2022-11-18 12:33:51.685105957,2022-01-03 16:37:30.143,2022-01-03 16:56:39.135
195,1641211423822110059,05117a2efcccb8dd48ba98c151c459ab,2022-01-03,10059,1641211423822,20220103,120343,1668775233221540,1,e7ba053d8ba932b77348b3987ea0e40b,1005920220103120343,1641211423822,43423822,43653422,,,27.84056810855968,-82.20574187121608,27.940672108457854,-82.26410536474765,0.0,2203,0,0,HONDA-THEA-C-V1.5,HONDA-THEA-C-V1.5.1,HONDA-THEA-C-V1.5,0,00,12385,50,0,0.0,0,0,0,0,0,0,2022-01-03 12:02:43.328,2022-11-18 12:40:33.221540039,2022-01-03 17:03:43.822,2022-01-03 17:07:33.422
196,1641211807299110424,0de635d866cdcb28fc671c62fdf5bf11,2022-01-03,10424,1641211807299,20220103,121007,1668775263727881,1,27059a11c58ade9b03bde05c2ca7c285,1042420220103121007,1641211807299,43807299,45336099,,,27.936589296041284,-82.2550219342788,27.950277120789284,-82.45103209087196,0.0,15139,0,0,TOYOTA-THEA-C-V1.5,00,TOYOTA-THEA-C-V1.5,0,00,12385,36,0,0.0,679,0,719,0,0,15,2022-01-03 12:09:16.544,2022-11-18 12:41:03.727881104,2022-01-03 17:10:07.299,2022-01-03 17:35:36.099
197,1641211862122110044,113e357c38ab158b7729482298d99572,2022-01-03,10044,1641211862122,20220103,121102,1668775117381892,1,9c16b0e83f09596202f402261f25c8a9,1004420220103121102,1641211862122,43862122,45522399,,,,,27.948039911468907,-82.45103074486433,,16242,0,0,HONDA-THEA-C-V1.5,HONDA-THEA-C-V1.5.1,HONDA-THEA-C-V1.5,0,00,12385,50,0,0.0,627,0,1114,0,0,21,2022-01-03 12:11:27.616,2022-11-18 12:38:37.381892090,2022-01-03 17:11:02.122,2022-01-03 17:38:42.399
198,1641211898533100097,5197d7920c7acd4ae1f7f49342347f0c,2022-01-03,97,1641211898533,20220103,121138,1668774773354851,1,e2ef524fbf3d9fe611d5a8e90fefdc9c,9720220103121138,1641211898533,43898533,46727799,,,,,40.30347905127474,-83.52668788619852,,28079,0,5,HSC V3.11,00,HSC V3.11,0,00,5110,332,0,,289,885,127,0,0,1,2022-01-03 12:11:27.616,2022-11-18 12:32:53.354851074,2022-01-03 17:11:38.533,2022-01-03 17:58:47.799
199,1641212229118110059,06865424b7c7d00fc25e2c230d128590,2022-01-03,10059,1641212229118,20220103,121709,1668775237236129,1,e7ba053d8ba932b77348b3987ea0e40b,1005920220103121709,1641212229118,44229118,44236418,,,,,,,,0,0,0,HONDA-THEA-C-V1.5,HONDA-THEA-C-V1.5.1,HONDA-THEA-C-V1.5,0,00,12385,50,0,,0,0,0,0,0,255,2022-01-03 12:18:00.832,2022-11-18 12:40:37.236128906,2022-01-03 17:17:09.118,2022-01-03 17:17:16.418
